collection,model,status,failure_reason,cmdstan_compile_s,cmdstan_over_stanli_cli_ratio,cli_target,stanli_median_s,stanli_min_s,stanli_max_s,stanli_estimated_first_fit_s,stanli_min_bulk_ess_per_cli_second,stanli_screen,stanli_rhat_max,stanli_ess_bulk_min,stanli_ess_tail_min,stanli_divergences,stanli_max_depth_hits,stanli_ebfmi_min,cmdstan_median_s,cmdstan_min_s,cmdstan_max_s,cmdstan_estimated_first_fit_s,cmdstan_min_bulk_ess_per_cli_second,cmdstan_screen,cmdstan_rhat_max,cmdstan_ess_bulk_min,cmdstan_ess_tail_min,cmdstan_divergences,cmdstan_max_depth_hits,cmdstan_ebfmi_min,stanli_ns_grad,stanli_ns_grad_mad,cmdstan_ns_grad,cmdstan_ns_grad_mad,paired_speedup,paired_speedup_mad
educational,aalto_bern,ok,,2.592487748999999,1.1736303008494933,met,0.01216977099999994,0.011945415999999653,0.014473959000000036,0.01216977099999994,32645.706656837494,clear,1.0025995439914246,1657.0607146007478,2006.4167760310243,0,0,1.1468193249314051,0.014282811999999367,0.013983791999997663,0.21297029199999962,2.6067705609999985,5860.978778293541,clear,1.000894902369578,1497.5955860237389,1921.5884239224683,0,0,1.0457250482913092,81.9010588467776,3.901728951703504,116.19706587357955,0.7060329146939992,1.4238252003555816,0.06404325148233536
educational,aalto_binom,ok,,2.380691333000005,1.2119897413318796,met,0.011195020499998876,0.010672917000000837,0.015261666000000673,0.011195020499998876,34955.135666094604,clear,1.0005440379812844,1689.1937879329853,1934.4836375824689,0,0,1.0968363537809351,0.013568249999998727,0.011821249999997008,0.2194997910000005,2.3942595830000037,6524.977143089663,clear,1.0017902390082671,1686.4295474841265,1477.8595832907529,0,0,0.9197142747501893,79.82886336685775,2.8083210433458206,110.70686852618661,2.743378080337685,1.3743954450416536,0.06348734028696734
educational,aalto_binom2,ok,,2.506841708000003,1.2821477942610389,met,0.012548166500003788,0.011859667000003071,0.01832083400000073,0.012548166500003788,55890.51732012162,clear,1.0012420611636947,3089.4508480791233,2259.517036561394,0,0,1.0331074084608898,0.016088604000000117,0.013291666999997176,0.20217774999999705,2.5229303120000033,11573.88031813582,clear,1.0008923239590746,2866.232398940198,2633.59073664183,0,0,0.9825756619245568,134.4833634974263,2.6629398074285433,177.82480426167334,3.707338968912751,1.3369088041194472,0.051919274497233214
educational,aalto_binomb,ok,,2.4068576250000078,1.1075206571669698,met,0.01105058350000121,0.010894041999996773,0.011374207999999442,0.01105058350000121,33717.58052041428,clear,1.0030183206094023,1496.0293903412924,2045.4769808723572,0,0,1.084231186123059,0.012238749499999813,0.011999166999999034,0.19771695899999742,2.4190963745000076,6340.086652377155,clear,1.0036689463539414,1484.807875934296,1890.052867705873,0,0,1.0740687629476864,61.55811519007529,1.6454808477714344,83.17833361418352,0.9388818673967236,1.403808953760764,0.04842194933312416
educational,aalto_gpareto,ok,,2.8809724580000022,0.9388294952369346,met,0.026536833500003354,0.0250487500000105,0.02873304199999893,0.026536833500003354,17253.76395724107,clear,1.0017845047536245,1843.6588671289294,2184.7384705909985,0,0,1.0214718612998572,0.024913561999994727,0.022117417000004025,0.2279893340000001,2.905886019999997,4802.325797743359,clear,1.000828050882068,1440.380185529601,1600.2388980733563,0,0,0.850859247467787,386.49179763496323,7.933326742390705,261.4347669813368,6.6395967959202835,0.690438591715502,0.022014863268628615
educational,aalto_grp_aov,ok,,3.101256250000006,1.329529909215165,met,0.018349562000004482,0.017327790999999593,0.018720666999996638,0.018349562000004482,30743.93234904666,clear,1.002354029914105,2236.5467395648843,2220.1327831468634,0,0,0.840227299858585,0.024396291500003997,0.024225125000000958,0.22198249999999575,3.12565254150001,8032.651308608142,clear,1.000764415729746,2369.633806830912,2477.9944276386113,0,0,0.7509715053825281,238.0987502062848,5.310511006828477,383.89504144229045,7.7111575262364624,1.5880441398173186,0.01978744845450675
educational,aalto_grp_prior_mean,ok,,3.172331458000002,1.2980266523807058,met,0.02763385400000118,0.02651174999999739,0.03323520799999358,0.02763385400000118,2609.003629857222,review,1.0204963071897426,300.0736810807986,115.99315715259097,179,0,0.7335481604097506,0.035869478999998705,0.03329899999999952,0.23145283299999164,3.208200937000001,3614.0826037879333,review,1.003804817870755,1216.1055140879,1058.8713316085075,39,0,0.7873796361571166,314.9865031589403,5.040262043245434,499.04047885470925,27.14016640711867,1.56329892138714,0.04812362734956177
educational,aalto_grp_prior_mean_var,ok,,3.915298583000009,1.6984005691993969,met,0.06081735450000281,0.051450166999998714,0.06814308399999902,0.06081735450000281,314.0107793070515,review,1.041053391841611,75.7481797102513,12.666772824480143,173,0,0.6316214525809345,0.10329222950000627,0.08949841599999786,0.29199995900000886,4.018590812500015,237.75474248779375,review,1.0160398527673022,139.81948275916653,36.24270936010672,160,0,0.6698508586772678,573.0505490807286,8.825155558914105,874.9394047926553,16.845583507218635,1.5176601357297934,0.029437013113599808
educational,aalto_lin,ok,,3.088175167000017,1.3486836634093418,met,0.02223977149999712,0.021200917000015806,0.02300070799998366,0.02223977149999712,14695.52773770519,clear,1.0027481417535022,1303.2165641560014,1293.7200139201636,0,0,0.802448377514126,0.029994416500002785,0.02780599999999822,0.21479741600001034,3.11816958350002,4248.440576678005,review,1.0017315176950925,1285.5451888399143,1397.1246649267296,2,0,0.8015350405044114,193.2313477121341,4.733209891110633,324.3124867836178,9.428091284952757,1.6861329707890755,0.06539090956421578
educational,aalto_lin_std,ok,,3.321183999000027,1.315603631549525,met,0.01971466700000235,0.017999541999984103,0.020604332999994313,0.01971466700000235,22225.606495061056,clear,1.0025760835008535,1734.3353967804817,1842.9638832560638,0,0,0.7964529141889696,0.025936687499992672,0.023078291999979683,0.22069091699998467,3.34712068650002,5076.916514500128,clear,1.002032290984123,1500.9527170988358,1869.851789721891,0,0,0.7686405258674095,182.7638696388264,3.1161905323488384,323.1107248780589,2.2559023270537466,1.7640860793161315,0.024840113291803356
educational,aalto_lin_std_t,ok,,3.497661542000003,1.3195704257485634,met,0.022787166499995237,0.021326250000015534,0.02329429200000277,0.022787166499995237,21817.70251070978,clear,1.0019634058669225,1967.8449507408463,1755.511847464504,0,0,0.8182989070261301,0.030069271000002118,0.029858999999987645,0.22733045900000093,3.527730813000005,7770.028174085186,clear,1.002144511704181,2465.647508196076,1687.8498969204497,0,0,0.8280231873881122,259.4388609277097,6.998103909266646,403.6958623376197,7.527574348438407,1.5762199153110952,0.02333441991370433
educational,aalto_poisson_hurdle,ok,,2.928379791999987,1.3771783397795654,met,0.6002674375000083,0.5893276670000205,0.6023051669999973,0.6002674375000083,1534.8834362938778,clear,1.0045095983822456,3671.698593381226,2729.5714433285502,0,0,1.065463250510943,0.8266753129999955,0.782880457999994,1.0492024579999963,3.7550551049999825,946.3202703216925,clear,1.0015276321543167,3298.336411653717,2322.1801528672413,0,0,1.046244639562827,2188.094919734056,47.675428851299785,58565.18802997076,1988.1573021618497,26.957998919350253,0.7953693350293456
educational,aalto_poisson_simple,ok,,2.6604875419999985,1.9425075145613344,met,0.08728204150000352,0.08671237499999052,0.0890025420000029,0.08728204150000352,5121.666182168087,clear,1.001186851156975,1794.0121086236577,1992.0050312089659,0,0,1.0339600167826954,0.16954602150001108,0.16403737499999238,0.3788245840000002,2.8300335635000096,1407.2393958311316,clear,1.0032505462283146,1241.1204169253492,1656.8856549597017,0,0,1.0283970837640912,878.7937473168878,26.85168405707566,895.0876945996806,23.912937614834675,1.0302798494774654,0.025652030491423283
rethinking,ch09_m5_8s,ok,,2.8496555419999936,2.8907542330829585,met,1.2220506045000121,1.2010507500000074,1.2378249169999833,1.2220506045000121,282.79652421146,review,1.0022899523595683,1380.8888883377376,1394.0429839552676,0,1826,0.951196074426178,3.5326479579999983,3.4400013750000085,3.6648990840000124,6.382303499999992,111.59817599637068,review,1.0031699725260363,1581.368068960386,1408.3059475072587,0,1635,0.9572207141089345,580.8263577216098,14.459265518322468,2192.7671065010322,79.62994339417833,3.810209016990859,0.04220079574321489
rethinking,ch09_m5_8s2,ok,,2.8519828329999655,3.011418695574468,met,0.8614161254999999,0.3077617499999974,1.179503875000023,0.8614161254999999,2.082404871310691,review,1.6229179775017113,6.684723454366544,16.812547111755173,444,956,1.0311149247216735,2.594084625000022,1.2354290839999749,3.3221394170000167,5.4460674579999875,0.8039555996030349,review,1.475043932060035,7.835140437179166,21.21576929893142,404,588,0.9974496966944287,600.3613194423585,17.692253625822957,2238.043227108635,86.20678166914149,3.737650212089585,0.09417527248371127
rethinking,ch09_m9_1,ok,,3.0764657510000006,1.8194418111873747,met,0.029396916499962344,0.025712290999990728,0.031818666999981815,0.029396916499962344,34146.97297887992,clear,1.0016336535747963,3972.139495047345,2683.5635173187457,0,0,1.011813996897261,0.053485979000015504,0.046487415999990844,0.25231991700002254,3.129951730000016,11674.550981594537,clear,1.000976217362203,4737.291020055303,2671.751246573363,0,0,1.032587187059166,1020.273866233929,35.881168987045896,2466.8873550944036,95.24081780527922,2.4145284092762096,0.06884962581409093
rethinking,ch09_m9_1_chains4,ok,,3.061478541999975,1.8417697253310177,met,0.029328562500012367,0.028059750000011263,0.03134370899999794,0.029328562500012367,33644.925007707934,clear,1.0016336535747963,3972.139495047345,2683.5635173187457,0,0,1.011813996897261,0.05401645850000136,0.05080458300000146,0.2575936659999911,3.115495000499976,11375.928140919588,clear,1.000976217362203,4737.291020055303,2671.751246573363,0,0,1.032587187059166,1015.3283286018477,15.35622440559655,2468.51450527183,93.13725533071192,2.4618021237371113,0.0428171883282662
rethinking,ch09_m9_2,ok,,2.5063191660000257,1.4111865725736574,met,0.016898249999997006,0.015921333999983744,0.017520917000013014,0.016898249999997006,915.9313133320151,review,1.0785325102360561,61.58607751022589,63.35462704814574,400,0,0.47587492778976104,0.023846583499988583,0.02161720899999864,0.22215383299999303,2.5301657495000143,71.57424140289676,review,1.1327762472860756,20.861329655268122,14.366555941962966,352,0,0.38012573641703173,110.62143909246329,0.8960210885693343,159.8644882072329,3.1549604774448596,1.4502793703165735,0.03819671948735337
rethinking,ch09_m9_3,ok,,2.508588749000012,1.347481074046466,met,0.01347435400001018,0.01187525000000278,0.017354415999989214,0.01347435400001018,17596.011761643425,clear,1.007199724505813,988.5153296542205,1100.3850210775872,0,0,0.9219031373233638,0.018156437000016012,0.01539720800002442,0.19970104100002573,2.526745186000028,4485.666430638592,clear,1.0017646176243693,1127.7464347306186,966.9440263113719,0,0,0.9152444657551132,111.55596047716068,1.6208952968830275,159.5751668573928,4.083653618975845,1.4146739079130435,0.025311107216402062
rethinking,ch09_m9_4,ok,,2.5374968340000237,1.4462440096767102,met,0.9773633539999764,0.9687579160000155,0.9838304169999788,0.9773633539999764,1.2576976958792232,review,2.391261321594597,4.914221124139866,11.321335197071718,0,3317,1.028889216105213,1.4135058960000038,1.384351874999993,1.548715833000017,3.9510027300000274,1.1320891955948125,review,1.6364890806297465,6.52092376771719,28.227610256175762,0,3298,0.8825145742858586,246.8173321139428,2.175107715637708,323.96979166438837,4.947931519327341,1.3004598735063175,0.02421924682668186
rethinking,ch09_m9_5,ok,,2.5699171250000177,1.409617090878374,met,0.259085666499999,0.2568202500000325,0.27373816699997633,0.259085666499999,778.3032251680157,clear,1.0051242295182266,816.2297467546522,1151.8921517267233,0,0,0.9691825004911879,0.36521158350001315,0.34620195799999465,0.569617959000027,2.935128708500031,527.9573432926737,clear,1.0059031541113521,869.1461250426032,865.3654991871307,0,0,0.9983524618505094,250.25304921163047,4.875359965751116,311.2516310959344,8.238797955840909,1.28346975851391,0.026614039194571837
rethinking,ch09_mp,ok,,2.314548374000026,3.119259820768532,met,0.021535270499981607,0.014070041999957539,0.024457374999997228,0.021535270499981607,8546.863283691238,clear,1.0098479899422739,697.4065912536788,328.1646745941406,0,0,0.393311525487075,0.06717410399997448,0.020267457999977978,0.23235445799997478,2.3817224780000004,1820.7993317673256,review,1.0081404569312906,704.5949431929401,633.8986508424284,0,1,0.4701211513443252,38.90649123524281,0.7684366141152204,76.74079519300605,1.3152487986037542,2.0105474284137808,0.0347474974902825
rethinking,ch11_m11_10,ok,,3.2360974580000743,1.3643983924453147,met,0.021025750000006838,0.02015120900000511,0.02177041600003804,0.021025750000006838,38089.14627073312,clear,1.0009222489325547,3198.4646409377206,2629.7450119961095,0,0,1.0784177116602696,0.028687499499966407,0.0263384579999979,0.22569745800001328,3.2647849575000407,11689.87640250932,clear,1.0008480697213826,3616.9753539366625,2424.482743495839,0,0,1.0488398415015314,354.15746591461436,7.621036248805723,540.2781115831897,12.428746208199016,1.5442623323388736,0.034547574135135095
rethinking,ch11_m11_11,ok,,3.574239499999976,1.6216230023700051,met,0.1350422920000085,0.12965270800003736,0.14135799999996834,0.1350422920000085,2429.777435615836,review,1.0034108119589198,1314.7411310196171,926.842706719169,1,0,0.8245029550199777,0.21898768699998072,0.20747449999998935,0.42351654100002634,3.7932271869999568,1457.1927079445568,clear,1.0080699231896348,1557.6900649756014,1187.7910871733188,0,0,0.8252530666245939,426.38614031503437,4.756477310324897,710.4216309584178,22.269197516035717,1.6753930532988905,0.06162734346925647
rethinking,ch11_m11_4,ok,,3.0242948339999884,1.8070822146084946,met,0.2254061459999832,0.21947237499995254,0.23156095799998866,0.2254061459999832,1378.1221742263938,clear,1.003399433548055,1242.8534535414337,1974.7072529358586,0,0,0.9898280939397677,0.4073274375000153,0.4022264170000085,0.6366568750000283,3.4316222715000038,685.4913349461905,clear,1.0018067485629765,1270.5843524705913,1975.8077367355836,0,0,0.9501224183013576,6585.023211746903,146.45631928167495,11566.906111316568,317.26775578431807,1.7572969901344824,0.04861157388541071
rethinking,ch11_m11_5,ok,,3.0912027080000257,2.1107888594931383,met,0.31225047949999407,0.30360012500000266,0.3178618750000055,0.31225047949999407,990.4422313672219,clear,1.0032764058467383,1234.0543333128628,1820.8094943373299,0,0,1.0007835608129148,0.659094833499978,0.6293014169999651,0.8393497920000073,3.7502975415000037,423.02691432569134,clear,1.0041746906216047,1178.9086964909563,1864.9746815814603,0,0,1.0421048228336662,6770.596070636534,162.99083415881614,14461.765688402098,185.21670432178234,2.139134312971536,0.04751418639629579
rethinking,ch11_m11_6,ok,,3.0231758339999715,1.418111281246221,met,0.037592812499980255,0.03526104100001248,0.03856829099999004,0.037592812499980255,8552.974425295637,clear,1.001540884693336,1274.5211162072128,2049.588369143644,0,0,1.037673675437764,0.05331079149999596,0.049562458000025345,0.24968070799997122,3.0764866254999674,3073.425881123766,clear,1.002626805924588,1247.3952238123657,1866.553146438197,0,0,1.0329653464059747,743.9309082663084,26.65698500483603,944.2119939718062,28.711665038804824,1.2992955505565367,0.03257680407984642
rethinking,ch11_m11_7,ok,,2.857589209000025,1.2700959842527328,met,0.014412624499982485,0.013977375000024495,0.015435166999964167,0.014412624499982485,58217.514658728716,clear,1.0007873917679553,3390.45945123178,2470.3957746442425,0,0,1.1397268311069997,0.018305416499970306,0.01789475000003904,0.2208334159999481,2.8758946254999955,11610.263732783062,clear,1.0020067196083993,3196.758394309653,2363.470216673133,0,0,1.0679586107045045,286.69593906708053,2.9659591607141067,390.54316895165175,5.448622267249618,1.362988452866693,0.02600775547960632
rethinking,ch11_m11_8,ok,,2.9390613329999837,1.5123433303662388,met,0.05135870799995246,0.04942287500000475,0.05481804199996532,0.05135870799995246,1614.5970508752998,review,1.0169252626597565,334.1543141156664,309.46401244502385,0,0,0.9920000518043323,0.07767199949995529,0.07041862500000207,0.29146499999990283,3.016733332499939,509.5045709341232,review,1.008349578849114,263.529838641302,350.30415487701094,0,0,0.9866784720485825,453.8382376117388,12.081064585216154,596.7074466768827,17.09530729844232,1.3300378382051876,0.027221166399628682
rethinking,ch11_m11_9,ok,,2.6003295840000646,1.258509308319326,met,0.011948312500010161,0.011177166000038596,0.017124041999977635,0.011948312500010161,34407.491030032856,clear,1.000686475532227,1795.9964707359106,1922.1622897709894,0,0,0.8609393323091004,0.015037062499970943,0.012896083999976327,0.20271924999997282,2.6153666465000356,5609.289628394858,clear,1.0068628522575567,1378.1433341740324,2251.591355495666,0,0,1.0079136059253078,51.20738036972831,0.7835624172543554,80.48094913190626,1.6900039587069244,1.5379692073735565,0.05434346371820287
rethinking,ch11_m_pois,ok,,2.525005833000023,1.1439624895372278,met,0.012517145999993318,0.012204291999978523,0.013294833000031758,0.012517145999993318,57741.18985323627,clear,1.0013980379758627,2917.8596249295792,2462.4812721480253,0,0,1.0495932080821462,0.01431914550005331,0.013643790999935845,0.2077950419999297,2.539324978500076,14441.04981156776,clear,1.0018146091029625,3611.3762044172054,2775.214291935351,0,0,1.0360223871479672,103.51691629217949,2.308445875042935,133.68176232286302,2.9497468906978668,1.318394756702796,0.042885547059407836
rethinking,ch12_m12_1,ok,,3.190172623999956,1.2838187336568427,met,0.030517645500026447,0.028695500000026186,0.03545700000006491,0.030517645500026447,16336.382554844258,clear,1.0051778256845434,2045.1156449742414,1159.4661175267802,0,0,0.880448932782658,0.0391791250000324,0.037501084000041374,0.22479737500009378,3.2293517489999886,5296.56614289361,clear,1.0016942664484683,1804.3107912400199,990.1613871702758,0,0,0.8463860151044228,1154.1861291287937,34.38604850204263,1498.6218953119705,31.086680191862456,1.2894035213056707,0.014658857563028649
rethinking,ch12_m12_2,ok,,3.981929042000047,1.4097571715762787,met,0.10714979149997816,0.10101400000007743,0.1161880839999867,0.10714979149997816,2487.696301059261,clear,1.0051035852504724,1073.4451008968558,765.3747719074692,0,0,0.7501794844481806,0.1510551869999972,0.1336269580000362,0.33775020799998856,4.132984229000044,2014.227115476428,clear,1.003900847775726,1557.979576551197,1054.5757051228077,0,0,0.785493869834918,928.6159770587722,39.65439775086918,1187.2768083493506,18.520488730297643,1.2850920866127367,0.03994637102430687
rethinking,ch12_m12_3,ok,,2.49639845899992,9.277586017330352,met,0.02726520799996024,0.026838874999953077,0.029283125000006294,0.02726520799996024,10508.900630995187,clear,1.0046608094424994,1162.8352443222793,1316.2003205345252,0,0,0.9560253463431481,0.2529553125000348,0.23633499999994,0.4847724170000447,2.7493537714999547,984.2995087076306,clear,1.0028878521597884,1207.7532559160522,1250.7454400086942,0,0,1.0171044686905586,1070.5527666053413,27.76694695278684,18536.08059683923,140.55139387238523,17.19753151516043,0.4317195398070144
rethinking,ch12_m12_3_alt,ok,,2.5003465419998747,4.418508217430253,met,0.055938520499978495,0.04988220799998544,0.062086832999966646,0.055938520499978495,4927.239600100492,clear,1.0032439275652123,1102.9432795572939,1435.1824801286014,0,0,1.0178382944176343,0.24716481250004563,0.22899583399998846,0.4666602920000287,2.7475113544999203,993.9493477546279,clear,1.0043602720221296,1182.7855610438587,1022.5363346136835,0,0,0.8873054393553782,3083.9627221216133,40.16809504582329,17833.16146206284,205.79450711918798,5.640112218755956,0.18044943959999005
rethinking,ch12_m12_4,ok,,3.1909894589999794,146.86939111044256,met,0.5859831459999896,0.5580816670000104,0.6003627090000236,0.5859831459999896,1292.2620929292939,clear,1.0016292743198476,3011.501367214451,2355.7520040575932,0,0,1.0348955662091932,86.06298785400003,80.31632295899999,89.47038691699993,89.25397731300001,7.706916616872065,clear,1.0013478944423517,2635.0925580466833,2779.972296059531,0,0,0.9879819159196566,24921.481375473675,335.8716086125187,2813957.577651515,58921.176552613964,111.92713688683195,2.990083357393324
rethinking,ch12_m12_5,ok,,3.5704880829999865,1.5757670739072274,met,102.39697933299988,95.84879650000016,103.06579158399995,102.39697933299988,4.401081934285004,clear,1.001685712333761,1776.7543918178771,2346.3075113549944,0,0,0.9536862285795557,161.35378850050006,157.54737599999999,166.075206083,164.92427658350005,2.69713496129939,clear,1.0021778256409977,1743.2396686076531,2426.9661568116876,0,0,0.9475543056421013,2784188.33152241,31221.78781331028,3260278.1363636367,50011.98903508787,1.1649744874379695,0.012457451034116662
rethinking,ch12_m12_6,ok,,4.287154000000001,1.4520687195572077,met,332.29350847950013,312.57253262500035,367.26222862500003,332.29350847950013,1.3219855831110765,clear,1.0034229813412525,1777.306208412856,1610.5418555127385,0,0,0.9095227385985625,482.5130093749999,452.74835291700003,506.60278195800004,486.8001633749999,0.6277490914752282,clear,1.0035560156408947,1208.0260098437793,1574.709593863337,0,0,0.9142982264952169,3049818.9302086392,20527.164560681675,3441043.810255461,45471.74268789333,1.1262079195510606,0.011464849383965303
rethinking,ch12_m12_7,ok,,3.5088689579997663,1.6043238959393264,met,132.9193103545001,108.89977041700058,140.49972704200036,132.9193103545001,4.437000446858023,clear,1.0029365050454875,2286.111760549708,2714.5461567402076,0,0,1.0127454219589254,213.24562583350007,190.09117225,227.5423784589998,216.75449479149984,3.1647412663203323,clear,1.0004926169456134,2671.436596003822,2373.397193790503,0,0,1.0069238312569269,2733549.0547696985,55684.34160756506,3218900.8565400844,66727.76547995792,1.1944689676988505,0.010669536559728465
rethinking,ch13_m13_1,ok,,2.982611791000636,1.4912993347007393,met,0.050330145500083745,0.04667820800023037,0.05627287500010425,0.050330145500083745,22606.466415870193,clear,1.00436394096501,4602.9336882315365,2266.4735726385693,0,0,0.9658286676719118,0.0750573124996663,0.0686168340007498,0.2884431669999685,3.0576691035003023,9065.969854585861,clear,1.0035403845110455,4598.02987032732,2390.6386642744865,0,0,1.008866121724098,972.4684612940227,5.998023715415002,1188.317563293033,42.51570435783094,1.2153637632877916,0.04961088660543067
rethinking,ch13_m13_2,ok,,3.1705777500001204,1.4921914544576247,met,0.05859093699973528,0.056094834000759874,0.06135408299996925,0.05859093699973528,8551.707650776509,clear,1.0031188240020086,2006.4939305041516,2209.9087960673837,0,0,0.8385291209329768,0.08742889549967003,0.08219395800006168,0.2838332500004981,3.2580066454997905,4284.597228664616,clear,1.0045803676121066,2317.4743677412343,2044.6973261468547,0,0,0.8423461257398766,1076.5018619331272,17.649149719600018,1336.1414495724216,27.980336212441216,1.23771713242647,0.0170288371697207
rethinking,ch13_m13_3,ok,,3.0134687919999124,1.121868331487303,met,0.0729217704997609,0.06058670899983554,0.07919874999970489,0.0729217704997609,5432.757729890857,clear,1.0042096380072383,1551.753157625901,1850.8805561569336,0,0,0.8254101428743064,0.08180862499966679,0.07621729200036498,0.28946600000017497,3.095277416999579,2795.3052286357897,clear,1.0041098656672274,1479.556572572004,2041.1506352225517,0,0,0.811555158740819,1232.2785360995517,4.80823487418661,1614.0647954270007,36.29591157308096,1.2974235286479403,0.032539437422739015
rethinking,ch13_m13_4,ok,,3.4931569579994175,1.608905186500343,met,0.4901417505002428,0.42304650000005495,0.6160967089999758,0.4901417505002428,221.91402260401765,review,1.0091162434188812,448.13910457021154,381.5558568343286,17,0,0.453607759336322,0.7885916045001977,0.6886752919999708,1.0867932080000173,4.281748562499615,89.80806582082243,review,1.010056822095218,301.0951653561993,258.7059511326105,24,0,0.5973016447875038,8623.197961545178,279.9629027656374,14586.916462998552,267.439421372138,1.7155471731476344,0.028890509202622816
rethinking,ch13_m13_4b,ok,,3.353447583000161,1.4714129053041238,met,0.42139058300017496,0.35517787499975384,0.5661642920003942,0.42139058300017496,254.0293505488627,review,1.0091162434188812,448.13910457021154,381.5558568343286,17,0,0.453607759336322,0.6200395420000859,0.5423522920000323,0.9288699999997334,3.973487125000247,111.05189855375421,review,1.010056822095218,301.0951653561993,258.7059511326105,24,0,0.5973016447875038,8765.02034839527,223.92697426871655,15056.638293865606,131.7694529370492,1.7058377368875093,0.03464836189371234
rethinking,ch13_m13_4nc,ok,,3.330651833999582,2.6169690295071173,met,0.780982541999947,0.7630227919999015,0.8171322499993039,0.780982541999947,329.22671451700995,clear,1.0060885637648906,1034.4698857004569,1531.3331651965384,0,0,0.7362190755771784,2.043807124999603,1.9959492920006596,2.1472575420002613,5.374458958999185,108.86005009518689,clear,1.006946592795747,896.0075955287742,1447.9755429054592,0,0,0.769560742175852,9098.610460815971,120.13259312481114,24297.6823318045,247.07271655099612,2.678416609617609,0.06959864858896125
rethinking,ch13_m13_5,ok,,3.5622836660004396,1.7931959724970312,met,0.26041139600010865,0.24904245900052047,0.26358875000005355,0.26041139600010865,949.7854563235361,clear,1.0045573585068623,981.5595799299207,1211.1804978336038,0,0,0.9360155325965214,0.46696866649972435,0.44180395799958205,0.6616555000000517,4.029252332500164,543.8718096582277,clear,1.0058453639931775,1108.082679712537,1663.9691277401298,0,0,0.9059876570968303,7028.849581272481,63.905321153597015,12352.711118180778,55.84460201987713,1.7574297302626003,0.009809707246173693
rethinking,ch13_m13_6,ok,,4.887432290999641,2.1915863565693723,met,0.7928011040003184,0.6685344580000674,3.2223737909998817,0.7928011040003184,68.49637655852366,review,1.0143727318064035,375.1211224894047,163.33537720905488,5,1,0.5184181302506726,1.7374920830002338,1.667807666999579,2.050399292000293,6.624924373999875,56.43548071373944,review,1.0089599065884678,405.95119900519836,503.15301311324004,20,0,0.5158529974457766,9342.485498547507,170.6543763556865,15957.826537093497,124.09914756979379,1.706758438020934,0.05633621797952859
rethinking,ch13_m13_7,ok,,3.810695415999362,1.31592761719963,met,0.02786918749961842,0.02058125000075961,0.035065250000116066,0.02786918749961842,239.12439632246105,review,1.1286177914976072,26.634840993854688,142.14749603239042,685,0,0.24149294015360406,0.03667383349966258,0.032115999999405176,0.31544079200011765,3.8473692494990246,84.32836116679037,review,1.1372024317789207,35.49418323516736,35.80470477956125,492,0,0.23051830715964813,55.868459941121515,2.477569451776155,121.40477075375344,3.7208577546088364,2.1941418449648817,0.08977895134319613
rethinking,ch13_m13_7nc,ok,,3.8340738329998203,1.2764381710639938,met,0.018579500000214466,0.017212042000210204,0.023284124999918276,0.018579500000214466,45857.619613072406,clear,1.0016737600586199,3561.081109301175,2679.0079077361092,0,0,1.124689014721687,0.023715582999557228,0.02339583400043921,0.20760441699985677,3.8577894159993775,13506.537214527474,clear,1.0008910787183636,3760.6442953961546,2645.4411552422807,0,0,1.095576844004635,43.619123071991496,1.55782617841448,91.88153870342768,3.1414846505818446,2.0820411771404608,0.07718081482426475
rethinking,ch14_m14_1,ok,,10.262559374000375,1.4000624930638472,met,0.3671767499999987,0.35613904199999524,0.3808817499993893,0.3671767499999987,2382.8599893999162,clear,1.0033392452246757,3506.0789298369564,2738.8512599136093,0,0,0.8687268473628276,0.5140703960000792,0.47965695800030517,0.7571837080004116,10.776629770000454,1557.2832948923528,clear,1.0030315016478246,3527.217787785688,2592.0953527832967,0,0,0.8584810993971991,8621.504625822368,117.31121924737909,9206.933372124902,252.7730784415644,1.098063085622294,0.06574602079084513
rethinking,ch14_m14_10,ok,,6.244386999998824,1.243693345850228,met,6.421208958499847,5.82000970900026,6.575608624999404,6.421208958499847,141.72435268800413,clear,1.0006117036675026,3576.8443507892666,2540.430100373697,0,0,0.9268819675051653,7.986014854000132,7.5829916669999875,8.129161040999861,14.230401853998956,124.21305622952353,clear,1.0013410818477657,3935.5891320251026,2876.830966164606,0,0,0.9950070452161605,462968.2518382353,17272.960440023337,566051.5726863227,18853.214209968806,1.218664298605264,0.028079980988433006
rethinking,ch14_m14_11,ok,,6.400880998999128,1.1674581700208673,met,11.211184854500061,11.108434750000015,11.39680479100025,11.211184854500061,87.206884874088,clear,1.0013378599035767,3917.996847532795,2592.815114875252,0,0,0.990880177742755,13.088589354000305,12.663779792000241,13.243506583000453,19.489470352999433,73.89005154320037,clear,1.0028432361241966,3848.5238095829864,2351.593901302451,0,0,0.965670019428347,740540.748459691,24159.31695930171,846651.9560810811,11230.740102040814,1.1336866179623222,0.03208175458252416
rethinking,ch14_m14_2,ok,,11.06035645799966,1.463838299092428,met,3.2235857710002165,2.734647125000265,3.9245627909995164,3.2235857710002165,22.380127546632206,review,1.018705536449619,293.3224887048602,356.2315012759935,118,0,0.5141604827709242,4.71880831199951,4.288902207999854,5.601446790999944,15.77916476999917,11.846407852251145,review,1.0142582163879355,228.9669637243334,196.96210273121002,87,0,0.5263159861017039,24495.015703128054,667.2811255286197,30806.422195074127,606.9922031546776,1.2410272663974422,0.04909354049350101
rethinking,ch14_m14_3,ok,,9.227929208000205,1.7591272227931471,met,1.2822373125000013,1.2593523750001623,1.3255643749998853,1.2822373125000013,339.1377115308302,clear,1.0033884522937826,1746.352806694112,2140.696420575516,0,0,0.7905757908853106,2.255618562499876,2.174828957999125,2.480527833000451,11.483547770500081,180.8012553700791,clear,1.0049399279106745,1657.3316874804082,1809.1599831217545,0,0,0.8091833997820624,15835.751102570564,520.4585750763199,27403.49156931607,653.552970232533,1.75319383389286,0.043835839008280586
rethinking,ch14_m14_4,ok,,4.541197583000212,2.6021729019993636,met,0.0458258124999702,0.04305500000009488,0.058685582999714825,0.0458258124999702,17286.81769505256,clear,1.0005581036723183,3343.135843335365,2658.461227868161,0,0,1.0931060707094808,0.11924668749952616,0.09918891699999222,0.2904495839993615,4.660444270499738,5210.096931964614,clear,1.000654112329876,3272.627960008472,2630.9519803937997,0,0,1.0608887475853055,2233.8031161221593,19.781046689445475,7786.721878173828,306.2592866774967,3.438213514160635,0.11926729176779371
rethinking,ch14_m14_4x,ok,,3.76016033399992,2.6106948974037447,met,0.03672772950039871,0.033910666999872774,0.03807779099952313,0.03672772950039871,22985.738505178742,clear,1.0005581036723183,3343.135843335365,2658.461227868161,0,0,1.0931060707094808,0.0958848959999159,0.08170670799972868,0.26475945899983344,3.856045229999836,6080.284873742814,clear,1.000654112329876,3272.627960008472,2630.9519803937997,0,0,1.0608887475853055,2274.0476530478836,10.597498425487856,7784.597563244048,160.2568444188123,3.340767720203255,0.15608615557444394
rethinking,ch14_m14_5,ok,,3.161548582999785,3.306215274736341,met,0.051455625500238966,0.05041283300033683,0.05301591599982203,0.051455625500238966,16515.563393627825,clear,1.002907893881233,3407.821350651682,2530.437161039403,0,0,1.06598726887127,0.17012337500000285,0.1669509579996884,0.341198582999823,3.331671957999788,4031.0540368395486,clear,1.0003515110713546,3419.9312936733036,2638.8049316808438,0,0,0.9360519971285742,2575.81133829127,10.66583334631855,11262.861799568966,42.08233123451646,4.371683799457686,0.009429149643459311
rethinking,ch14_m14_6,ok,,6.9295000420006545,1.7110921004841364,met,2.437661729500178,2.3628460419995463,2.557688624999173,2.437661729500178,195.8525068863424,clear,1.0016621556266956,1918.5433710798673,2315.945349253607,0,0,0.9721116790798748,4.171063729000252,3.8922395829995367,4.450444332999723,11.100563771000907,124.00829673863836,clear,1.0023851812024633,2069.0550398951714,2096.416554719573,0,0,1.0637955168755915,107948.87758620689,198.0323600614065,135203.55172413794,333.16607889236184,1.2510711100951248,0.012987384551393255
rethinking,ch14_m14_6x,ok,,6.8614562920001845,1.7386674099504418,met,2.383101646000341,2.2871928340000522,2.463106207999772,2.383101646000341,201.60173388759716,clear,1.0016621556266956,1918.5433710798673,2315.945349253607,0,0,0.9721116790798748,4.1434211665000475,3.919851749999907,4.263557332999881,11.004877458500232,125.62376782452792,clear,1.0023851812024633,2069.0550398951714,2096.416554719573,0,0,1.0637955168755915,107089.30886130137,1032.0259221121742,136885.4433924485,1504.9844367119804,1.2790609713315115,0.021268854842116824
rethinking,ch14_m14_7,ok,,8.960087667000153,1.4482922110295195,met,4.677664270999685,4.572156624999479,4.76775062500019,4.677664270999685,67.8531979492971,clear,1.007781288550344,1268.5315349032949,1562.6843241296883,0,0,0.7241919813089207,6.774624729499919,6.6889494170000035,6.872454082999866,15.734712396500072,41.018579028579786,clear,1.0058149676205417,1112.0404609151299,1805.8664803837423,0,0,0.7169154039145218,24340.064149844722,188.75457965874375,35458.72758743371,390.43898363604967,1.4580558647135133,0.007830911197374668
rethinking,ch14_m14_8,ok,,4.510268208000525,1.5123180869010706,met,0.709821749999719,0.6810429999995904,0.7580953340002452,0.709821749999719,189.79726622918295,clear,1.0077768328920491,542.588976838712,566.6662252634718,0,0,0.7810871268958155,1.0734762710003452,0.9801459170003,1.1165043330001936,5.58374447900087,165.58532979313202,clear,1.0057309639758885,702.6783678245719,769.4310671942163,0,0,0.8760711731215415,2719.9153834922568,17.104885175613163,3515.557909644225,95.29880107467716,1.3039714616899973,0.033768951401564884
rethinking,ch14_m14_8nc,ok,,5.719689456999731,1.4358943305077339,met,0.8446646244997282,0.7701794160002464,1.0418948750002528,0.8446646244997282,402.887528498182,clear,1.0044288088618993,1410.6718185053676,1497.301899287323,0,0,0.7161078773635624,1.2128491454996038,1.1641977089993816,1.5343356670000503,6.932538602499335,298.9362195867948,clear,1.0028873654435384,1531.8184428195127,1265.9723758922648,0,0,0.757396303696877,2686.309259100275,16.896182245417776,3905.7705319681963,68.81033703668845,1.4248856416330253,0.050721822619443246
rethinking,ch14_m14_9,ok,,4.053963416999977,1.219061803508157,met,5.039125770999817,4.936289457999919,5.52387541600001,5.039125770999817,144.0968726999806,clear,1.0021396948952117,2959.5215757554806,2412.873009873794,0,0,0.9825875357997568,6.143005750499469,5.757869791999838,6.575530541999797,10.196969167499446,130.70039579553531,clear,1.0031228066825038,3217.7668710875996,2778.8765012401727,0,0,0.9944868808370122,341079.81200994947,8935.128674283158,427614.1760892358,8224.361419882538,1.2391069458729351,0.026884662509119694
rethinking,ch15_m15_1,ok,,3.195856625000488,1.9424223378985586,met,0.05161181250014124,0.05006966699966142,0.054834999999911815,0.05161181250014124,6433.096674887954,clear,1.0072244651797493,1338.909423214381,1769.5737059731196,0,0,0.7763818704017608,0.1002519374997064,0.09254129199962335,0.28641783300008683,3.2961085625001942,2659.0297234529758,clear,1.004063657595824,1540.8093406388996,2018.5590576321251,0,0,0.7210757739539735,612.8346536147535,3.7866483753897455,1678.4967525952484,7.595518296145542,2.7851668981983697,0.01905713322104985
rethinking,ch15_m15_2,ok,,3.4329754990003494,1.789373421246074,met,0.08054608349993941,0.07680554099988512,0.08424862500032759,0.08054608349993941,4290.785084946633,clear,1.0039593245151917,1382.260680807044,1824.004297665088,0,0,0.7888404369688626,0.14412702100025854,0.140855124999689,0.338746500000525,3.577102520000608,1583.702640711102,clear,1.0051243856778165,1216.0550475140424,1378.513217309224,0,0,0.7983816094555307,998.0165920731631,23.06155727477335,2316.977465836687,22.906646318354888,2.324151917733424,0.053558100372063544
rethinking,ch15_m15_3,ok,,2.6458073750009135,1.1535891115278922,met,0.256716332999531,0.2411528750008074,0.2607262500005163,0.256716332999531,2576.28765495057,clear,1.0011615770839342,2615.735233080047,2461.899956743768,0,0,0.9913135427101356,0.2961451664996275,0.28699637499994424,0.5019314169994686,2.941952541500541,1635.2148600579415,clear,1.0022662031479346,2258.588402979189,2217.0090474241397,0,0,0.9304975578305293,23051.89375,313.13522772768374,28741.414108623605,385.63074426328603,1.2535182473625697,0.017966299748431447
rethinking,ch15_m15_4,ok,,2.6392654990004303,1.3182120871163445,met,0.20784585399997013,0.20160570799998823,0.2137404590002916,0.20784585399997013,2757.50883626009,clear,1.0031448914886407,2291.594283579915,2384.9940040554006,0,0,1.1686011560585703,0.27398491699977967,0.2631220419998499,0.4294652500002485,2.91325041600021,1740.1344046753982,clear,1.0004701764616686,2158.7361359172373,2109.009235795996,0,0,0.9613469307128448,19129.811238815913,193.18602398949406,23635.48749942954,340.5811917830997,1.2399544733817822,0.015583291890097883
rethinking,ch15_m15_5,ok,,3.242278833000455,1.75707490487291,met,0.035980395499791484,0.03223641600015981,0.040704041999561014,0.035980395499791484,11094.34534424471,clear,1.0030986085493803,1607.5844972106695,2563.023844974832,0,0,0.768709472456369,0.0632202500000858,0.05778545799967105,0.27731766600027186,3.305499083000541,3181.8383178840895,clear,1.002084769671926,1468.557188218651,2550.6045923958404,0,0,0.7185529087997581,586.9790218663558,10.05361521876597,1380.2455024222818,13.623250718162808,2.3414548159626456,0.020293286868728222
rethinking,ch15_m15_6,ok,,3.0044504579991553,1.4439275955240205,met,0.024168354499579436,0.02404204199956439,0.026425832999848353,0.024168354499579436,24864.35146645618,clear,1.001345586830639,2456.711903037477,2398.4049781362846,0,0,0.9536220729797855,0.03489735400034988,0.03306825000072422,0.23909166600060416,3.039347811999505,8419.794173734956,clear,1.0026780299983318,2879.1875508540043,2471.3182594488903,0,0,0.9978387498158177,392.13764206312686,6.32387658321494,758.473426357258,9.299781241068047,1.9457874883403314,0.027328058255130294
rethinking,ch15_m15_7,ok,,7.18747650000023,1.6518053303718947,met,0.337966770499861,0.31128720800006704,0.36743037500036735,0.337966770499861,1421.5469856270245,clear,1.0037992097567943,1925.700221898683,2474.416572156464,0,0,0.7750242632068605,0.5582553130002452,0.5296852080000463,0.7606935840003644,7.745731813000475,830.0764444225465,clear,1.0023036402347247,1997.9022102124402,2477.1329865193916,0,0,0.7373676223172236,10965.808637885648,46.108186892890444,15337.44215230727,264.5517676918862,1.4155993722926494,0.028067472738769306
rethinking,ch15_m15_8,ok,,2.843515374999697,2.0025376284640943,met,0.05505474999972648,0.05218516700006148,0.05669966699952056,0.05505474999972648,12303.691514705135,clear,1.0020291131228032,2694.4387289924293,2667.6333905572487,0,0,0.9832586406794361,0.11024920850013586,0.10490458300046157,0.2994747080001616,2.953764583499833,4586.665943795275,clear,1.0007840877029763,2866.1053023245527,2602.0804492084776,0,0,1.0278987692293944,3121.8544237659235,37.30032673810865,6910.727768477183,127.38096082632137,2.2884048800299155,0.031244579353009838
rethinking,ch15_m15_9,ok,,3.224849666999944,2.1491961500779855,met,0.07688885399966239,0.07484475000001112,0.08133933400040405,0.07688885399966239,7767.924284677504,clear,1.0009299803383067,2407.7597313969372,2190.9319369589057,0,0,1.0175228112393009,0.16524922899998273,0.1460560830000759,0.35296841699982906,3.3900988959999268,3058.581942419578,clear,1.0007447540243422,2537.1639401608777,2321.8238549044845,0,0,0.9702525336313038,3106.9723580133877,81.90435934127458,6975.5224222470615,272.4210135963167,2.2777805370356914,0.07111122113869017
rethinking,ch16_m16_1,ok,,3.0050000420005745,2.3469601497499766,met,3.6806541454998296,3.5878937919997043,3.7476916249997885,3.6806541454998296,84.22579429605004,clear,1.0039303395549914,1237.8575462408487,1167.9064335475148,0,0,0.9548278955946164,8.638348604500152,8.514380541999344,8.801856000000043,11.643348646500726,28.70050355645021,clear,1.002816713534463,992.8346181486132,1249.68413217226,0,0,0.9544253131077288,11217.27195058994,207.27524536368037,26957.09578781885,873.4535106382973,2.385940164113655,0.027634782686312143
rethinking,ch16_m16_4,ok,,2.91373004199977,2.829059476355037,met,0.08448479149956256,0.07489745899965783,0.0907128749995536,0.08448479149956256,3446.3880139854277,clear,1.0035931799283158,1153.0922156633064,1301.0653993586088,0,0,1.0502053695397964,0.23901249999971697,0.20788887500020792,0.43220512500010955,3.152742541999487,931.8936382190553,clear,1.0039952668850753,1041.9679828716203,1321.8867435186698,0,0,1.0089670629996919,1665.0374569658084,16.540429775083794,5232.837472844251,119.01164117530107,3.122897110275491,0.03620974140085775
rethinking,extra_hurdle_poisson,ok,,2.6108013740004026,1.2886337312669254,met,0.01439302150038202,0.014021666999724403,0.014717292000568705,0.01439302150038202,54761.368615058054,clear,1.0012843248062853,3150.1478391618425,2257.3750314763874,0,0,1.073993688549677,0.01854733300024236,0.01822145799997088,0.21089445899997372,2.629348707000645,10796.030412454456,clear,1.001329339171994,2874.017550189866,1852.8613013258994,0,0,0.9632025240495841,214.45046393211211,1.6531262111375327,468.82295874188935,4.833646329495792,2.272806804306767,0.06983911020106803
brms,i319_gauss_re,ok,,4.581711707999602,1.2755236918767043,met,0.23480822850024197,0.22138995800014527,0.2522785840001234,0.23480822850024197,1056.712298147614,clear,1.004824159858189,996.7808591022551,1317.4414530237652,0,0,0.631541216390171,0.2995034584996574,0.26154379199942923,0.47916491700016195,4.88121516649926,856.0614595154364,clear,1.0050904007568044,1146.87891412826,1908.2175689595508,0,0,0.6654093198053068,3947.156352381552,17.386164881552077,4567.89566245789,68.01210415844616,1.1605245188799511,0.04376082848948315
brms,i319_negbin_fixed,ok,,3.3729804179993153,1.0000415562561882,met,0.19551808350024658,0.18451108299996122,0.2068274589992143,0.19551808350024658,3406.4314062909334,clear,1.000665333414681,2665.105780224201,2669.649414317914,0,0,1.006635533366582,0.19552620849981395,0.13590724999994563,0.4460351249999803,3.568506626499129,6.893709483297519,review,1.5974289668808905,6.707543424806421,11.320403462330288,231,1,1.0400343975662882,8771.860970250487,182.19070334091884,8807.965604785008,233.78529914474439,0.9984320835335698,0.01893643469678047
brms,i319_negbin_re,ok,,4.746311791000153,1.1857961602565568,met,0.8800727920001918,0.7961942080000881,0.895468042000175,0.8800727920001918,451.8384956373318,clear,1.0042833936676039,1559.659658944009,1895.9042933497142,0,0,0.6190738557486595,1.0435869375000948,1.027791666999292,1.2058510830001978,5.789898728500248,350.8728606148174,clear,1.005498585729847,1516.0572894056982,1891.8453961616647,0,0,0.617401344756304,11081.804923411166,240.38589403143578,12993.116901726973,179.26390038784666,1.174260105295661,0.019966431116573924
brms,i319_pois_fixed,ok,,3.108373125000071,1.0215173643949813,met,0.09800129149971326,0.09267004199955409,0.10412387499945908,0.09800129149971326,5869.732631709709,clear,1.0040078389696228,2305.610433662204,2552.4503840614657,0,0,0.958587919066805,0.10011002100009136,0.09785437499976979,0.295375624999906,3.2084831460001624,3890.363889401475,clear,1.0031390251752372,2308.736613560038,2329.123227068098,0,0,1.016262441595676,2751.0355402914324,52.10045190274286,2863.362882969354,65.01456124441961,1.0342115432643157,0.01800608366680967
brms,i319_pois_re,ok,,4.504724333000013,1.3190327029978695,met,0.9782401665001998,0.9557280839999294,1.0917091249993973,0.9782401665001998,151.64222055770742,clear,1.0085342620158988,607.1629469987963,1131.8052747975375,0,0,0.6407254101373362,1.2903307709998444,1.2440155409994986,1.4984567500005141,5.795055103999857,122.6868687365061,review,1.0109771593816115,653.0786218360889,1056.281520655227,0,0,0.6646506761729813,5168.7467152384215,88.56056933797072,6764.451223527278,109.17240203824804,1.2938628689430218,0.02036508405583093
brms,i319_pois_re2,ok,,4.8306464580000466,1.4450169680658889,met,1.7462968959994214,1.6832253749998927,1.7880944999997155,1.7462968959994214,138.5248485631375,clear,1.0059099032850536,964.6750861277241,1554.7217884969864,0,0,0.6895967915983293,2.5234286459999566,2.3866662500004168,2.612540583999362,7.354075104000003,68.83902291737523,clear,1.0059795048800193,691.561238599114,1498.8884005492425,0,0,0.7112758171258741,7524.415940504808,172.08287555733887,11646.779457434091,221.19710933691385,1.544276386913415,0.015050811896639926
brms,i320_gp_expquad,failed,density/gradient mismatch: scaled error 1.18e-09,,,unmeasured,,,,,,incomplete,,,,,,,,,,,,incomplete,,,,,,,,,,,,
brms,i320_gp_matern32,ok,,6.9787523329996475,1.0827375814491726,met,1.6955840204996093,1.349456167000426,1.883413040999585,1.6955840204996093,14.586843346474033,review,1.0479542412233775,96.62379367236058,44.13668078687931,84,0,0.1526184296055292,1.8358725414996115,1.3098632920000455,2.023464625000088,8.814624874499259,1.4171910678925133,review,1.313189235041096,9.9275268855341,8.642612572756684,300,0,0.07345867717016599,32343.74025157499,349.2534854547757,29520.996251678684,729.0918981481482,0.9301928151276655,0.008412905285899941
brms,i320_mi_nhanes,ok,,4.420777001000715,1.3017008380476325,met,0.7099441664995538,0.6898769999997967,0.7361592500001279,0.7099441664995538,433.2045764157087,clear,1.002763375197252,1232.8675534891481,1531.0434504179407,0,0,0.6311124626094808,0.9241349164994972,0.877687541999876,1.0478653749996738,5.344911917500212,316.51735801275277,review,1.002146348964794,1194.4804064379605,1474.1108169054546,2,0,0.6500889603233628,1731.4212464921397,38.34643693988767,2094.5438034188037,21.96913175179452,1.2020973447757477,0.020671047894332606
brms,i320_pois_trunc_both,ok,,3.6012990409999475,1.0290220447153655,met,0.7891077704994132,0.7761924169999475,0.8127095410000038,0.7891077704994132,676.469046142863,clear,1.0015179026871688,2142.456953570073,2241.49919378965,0,0,0.9765673102165741,0.8120092915000896,0.7757605830001921,0.9985986660003618,4.413308332500037,550.0720600300249,clear,1.0028771845293518,1869.352694809013,1946.766086743406,0,0,0.9243742413948114,30659.17068664927,352.28773328664465,30904.281729799935,903.326978533787,1.0277387330604522,0.019932221845216203
brms,i320_pois_trunc_ub,ok,,3.501755708000019,1.061213122426312,met,0.6206001669997931,0.6069631250002203,0.6317637499996636,0.6206001669997931,863.9192899675672,clear,1.0015179026871688,2142.456953570073,2241.49919378965,0,0,0.9765673102165741,0.6585890410001412,0.6354755829997885,0.8252431250002701,4.16034474900016,672.9381385003809,clear,1.0028771845293518,1869.352694809013,1946.766086743406,0,0,0.9243742413948114,23874.69109054794,493.3414811729417,25661.14940230478,457.44170416412453,1.0699760441559212,0.03463705047785237
brms,i320_sratio_cs,ok,,5.048406708000584,1.5198664374817246,met,1.7961139375001949,1.7231334170000991,1.8186331249999057,1.7961139375001949,396.4344267987167,clear,1.0026313609646105,2828.1609874887963,2260.6275874429125,0,0,0.9789630630727172,2.729853291499694,2.5434953750000204,2.9995970829995713,7.778259999500278,277.50433648922393,clear,1.0031463047708946,3053.324447396691,2386.479012118685,0,0,1.0050320536928734,79580.81465617716,1115.6523219156297,105439.14975225225,3167.007008272063,1.3446815102555982,0.04949347434964868
brms,i320_sratio_plain,ok,,3.7815750839999964,1.4366099611714171,met,1.0475191880004786,0.9997839589996147,1.240800250000575,1.0475191880004786,655.29011690704,clear,1.0013915310282906,2841.0906305902045,2499.233522028219,0,0,0.993828192486897,1.504876499999682,1.4776547920000667,1.737665124999694,5.286451583999678,576.042085123317,clear,1.0016321170802511,3585.903983152865,2721.443423546654,0,0,0.9838197514629045,60103.43221429095,1915.3001653439132,75578.37334372678,1219.6537990196084,1.2821288510741704,0.029893146560923456
brms,s2_ar_cov,ok,,7.228055957999459,1.1322436156327635,met,0.1057758965002904,0.09987241599992558,0.11313495800004603,0.1057758965002904,7258.3782923142235,clear,1.001105001102906,3081.6110415598187,2181.0354757525133,0,0,0.850857954843893,0.11976408350028578,0.10966020900013973,0.34165733299960266,7.3478200414997445,4935.511832153339,clear,1.0009123259885109,3409.677170963412,2070.7351597826373,0,0,0.9468166707933579,6073.069496750484,112.3292767347175,6238.757507264788,126.50320632736384,1.03673830783045,0.03382574383520942
brms,s2_beta_binomial,ok,,3.696447667000939,1.2261693449502264,met,0.06864325049946274,0.0625188750000234,0.07382458299980499,0.06864325049946274,11675.377855073775,clear,1.0010225927719079,3194.733163778796,2722.0866315991825,0,0,1.0170636493832672,0.08416824950018054,0.07920770800046739,0.2762575830001879,3.7806159165011195,6652.988208336355,clear,1.001936620213102,3484.8471323822373,2740.1621153726123,0,0,1.0719818675366408,4607.377727740015,94.70390512029508,5981.452550282348,84.84279560589539,1.3161252489677862,0.030283615512229467
brms,s2_car,ok,,4.384086334000131,1.9391894342846898,met,0.06477114549988983,0.05941849999999249,0.07564370799991593,0.06477114549988983,1245.4283508390488,review,1.009039477879153,329.54594481377427,275.766499197035,28,0,0.43701140461184607,0.12560352099990268,0.10294229200007976,0.3014253330002248,4.509689855000033,270.9625875877764,review,1.0180967248197632,177.63620812734462,56.22768977950752,29,0,0.47206110951266367,1075.259799824311,6.920038760959869,2001.0916571847824,65.78379777902455,1.878133293512278,0.033004211042097276
brms,s2_car_esicar,ok,,4.504995875000532,1.501542531291904,met,0.059276917000261165,0.052607124999667576,0.06345883399990271,0.059276917000261165,1105.6119849421032,review,1.0098612202854156,259.39845504553773,104.3714372732819,101,0,0.5303103056248258,0.08900681199975224,0.07930337500056339,0.2880305420003424,4.594002687000284,293.79193739433225,review,1.0255224667316771,160.21871062374558,98.42300042533421,112,0,0.5613542846002516,979.1128298773622,21.31418867252819,1874.6257071906653,38.90706868885047,1.9125725968227982,0.04440046536521769
brms,s2_car_icar,ok,,4.388356999999814,2.1110648479419893,met,2.0378233544997784,1.976976250000007,2.0537018750001153,2.0378233544997784,160.3781670079983,review,1.0034452398203195,1300.0775180482844,1377.306765374722,0,3173,0.8093202994300236,4.301977249999709,4.171639000000141,4.502524958000322,8.690334249999523,68.46735848312404,review,1.0061830346298042,1182.9871303777602,1119.3961872379627,0,3248,0.8413760192959641,753.6669249101119,12.831323380903711,1838.2978674310925,46.55226804752306,2.438577717564668,0.04716115775671015
brms,s2_categorical_re,ok,,5.443202125000425,1.5667368284458976,met,0.23027920800041102,0.22372829199957778,0.2332837499998277,0.23027920800041102,1733.9898600922693,clear,1.0029646989059198,1591.057870092614,1589.8297084993296,0,0,0.8331440744356651,0.3607869159995971,0.31477129199993215,0.5301982500004669,5.8039890410000226,999.6684310848905,review,1.0029108144998142,1566.0239569126043,1546.7445861564274,3,0,0.7815568956793342,5350.472566715973,101.39125870544649,7847.554285608425,181.30111766461096,1.4539055742010516,0.06392590552286204
brms,s2_cens_interval,ok,,3.765688124999542,1.3247879582640327,met,0.033681396499559924,0.032228500000201166,0.037677958000131184,0.033681396499559924,21869.32164423013,clear,1.0013377574647726,3001.9854019695786,2490.1444996482846,0,0,1.0321472243438872,0.04462070850013333,0.04375683299986122,0.25519312500000524,3.8103088334996755,8939.74292137137,clear,1.0015170847287262,3470.3310967948587,2684.6067921029976,0,0,1.0608723003083504,1508.8163392324554,36.70721370496028,2786.4271184747868,42.48526926790737,1.854978901007065,0.028186587503366223
brms,s2_com_poisson,failed,s2_com_poisson/gradient/0/stanli: failed (event 2828),,,unmeasured,,,,,,incomplete,,,,,,,,,,,,incomplete,,,,,,,,,,,,
brms,s2_cosy,ok,,6.53899037499923,1.0900651885417783,met,0.1356390209998608,0.1284512910006015,0.14351079200059758,0.1356390209998608,1786.0090414354247,clear,1.00650331051945,970.2317749221546,785.8246980996993,0,0,0.8539549399540479,0.14785537499983548,0.13894695799990586,0.35777829099970404,6.6868457499990654,1773.762272060771,clear,1.0030814458588284,1405.5930780477113,1202.527583766347,0,0,0.9147189934963841,5817.9630687946865,89.06131876871268,5751.40721258184,140.03774838037498,0.9945833042545797,0.01413252087272171
brms,s2_cox,ok,,4.156097333000616,2.251877298108403,met,0.04815497899971888,0.04495433400006732,0.051108832999489096,0.04815497899971888,11021.330937822771,clear,1.003028213489185,2120.2078741570617,1624.6849481575114,0,0,0.9104494451966109,0.10843910400035384,0.10108500000023923,0.32762941700002557,4.26453643700097,3129.435898243999,clear,1.0016572937794295,2020.3407363196195,1389.209912460003,0,0,0.9416047825222229,740.0985931971611,13.775457150090972,2437.6592932554026,28.942272525583803,3.337222140881767,0.03358907161879987
brms,s2_cox_cens,ok,,5.063723958000992,2.711954584968642,met,0.045338479000292864,0.04272812500039436,0.045596957999805454,0.045338479000292864,12348.080125242732,clear,1.001231713640061,2210.3315448596845,1621.145261527735,0,0,0.8171107804656392,0.12295589600034873,0.09873437499936699,0.3270292919996791,5.186679854001341,3315.9572564612113,clear,1.002377721752843,2227.2471122571146,1443.8421773195864,0,0,0.8120299474452113,830.983272215136,13.755079561920411,3283.531017560529,62.233300481650986,3.9112322606165186,0.019270746552343843
brms,s2_cumulative_cauchit,ok,,3.6654382920005446,2.5763356443038528,met,0.04555360450012813,0.04287941599977785,0.049638417000096524,0.04555360450012813,7621.825938879465,clear,1.001276965880015,1399.5581081444268,1190.3817972428706,0,0,0.9531681688400241,0.1173613750002005,0.10601358399981109,0.32152550000046176,3.782799667000745,2232.4092825011894,clear,1.0038256360000115,1478.439465669366,1714.220747240058,0,0,0.9693160864941713,816.8922659854761,10.0417755674805,3935.377238381061,100.5290687964673,4.7542312813755565,0.08442841548507385
brms,s2_cumulative_cloglog,ok,,3.6660754169997745,2.054869726673789,met,0.04755960450029306,0.042852332999245846,0.05286070799957088,0.04755960450029306,11751.858579499327,clear,1.0017397033422675,2242.6336144006427,1950.3075492690373,0,0,1.0096487720754501,0.09772879150023073,0.08481229200060625,0.30042579200016917,3.763804208500005,3830.849044278651,clear,1.00158238046722,2224.557440948442,1847.7384175703253,0,0,1.0138976474600194,1187.0813438637742,15.303896624527738,3288.5858246234516,34.72292304421762,2.7666995149140803,0.04546960948929191
brms,s2_cumulative_probit,ok,,3.710710167000798,1.3047624774456812,met,0.08873604200061891,0.08085412499985978,0.08954012499998498,0.08873604200061891,9442.762047064236,clear,1.0029509697976249,3284.8190161567936,2725.396306935208,0,0,0.9804997796776191,0.11577945799945155,0.10373224999966624,0.30233387500084064,3.8264896250002494,5006.087841230779,clear,1.0011305029822088,3192.0069650114233,2407.753106083826,0,0,0.9905813965122381,4662.155226310209,83.35683292646945,5247.283056764183,132.25106645192773,1.1271747446901923,0.02507994623797205
brms,s2_custom_vint,ok,,3.5413226670007134,1.2960272405591489,met,0.06848243750027905,0.06639995900059148,0.07067366699993727,0.06848243750027905,11657.971971486319,clear,1.0010225927719079,3194.733163778796,2722.0866315991825,0,0,1.0170636493832672,0.08875510450025104,0.08280925000053685,0.27962570799991227,3.6300777715009644,5268.376936428971,clear,1.0009659619017712,2844.6346647641003,2550.326691510246,0,0,1.0498198602108135,4512.235280941382,106.99447470545874,6546.421112538451,61.8392508557813,1.430248610794064,0.0487979000466231
brms,s2_custom_vreal,ok,,3.4592637490004563,1.9401315027070036,met,0.021048916500149062,0.019373415999325516,0.0238651249992472,0.021048916500149062,38631.09269002058,clear,1.0016374168607651,3296.6373737806416,2702.9864589452422,0,0,0.9909332004717645,0.04083766599978844,0.03771899999992456,0.2593147079996925,3.5001014150002447,9589.427569660771,clear,1.0021477092145337,3631.602909048034,2529.826445837343,0,0,0.9289951582858575,368.3366784107948,7.066531901858951,2054.2324589788577,53.218199215056984,5.520424123751607,0.21972248379325965
brms,s2_dirichlet,ok,,4.366556084000877,1.122429055138696,met,0.24221187500006636,0.23748520800018014,0.24727749999965454,0.24221187500006636,3816.288113178099,clear,1.0015479958110243,3698.6947591184608,2509.5459175657543,0,0,1.0222607091192997,0.2718656459996964,0.26583524999932706,0.4506113329998698,4.638421730000573,2842.538631943857,clear,1.001985783462207,3582.104292804408,2662.410458881644,0,0,0.9982091675257528,13991.062109375001,176.76422643135356,14590.509762143494,329.4243782827143,1.0451132989543366,0.024477091168944032
brms,s2_discrete_weibull,ok,,3.4909501250003814,1.9837122275719095,met,0.08653479199983849,0.08011837499998364,0.09351195900035236,0.08653479199983849,3262.8175011963813,clear,1.002410541973937,1131.2185601137926,1513.0342778513657,0,0,1.028992557932306,0.17166012500047145,0.15766749999966123,0.3485372079994704,3.662610250000853,1571.0372949308394,clear,1.003641556291005,1334.635391992672,1515.295517902185,0,0,0.9906428327411806,1762.1946335269372,57.97108445935487,3923.4764286164313,51.07520173974058,2.194608895088595,0.061633225404295944
brms,s2_dist_sigma_re,ok,,4.938138708999759,1.685929860092452,met,0.06900137499997072,0.06095058299979428,0.07859900000039488,0.06900137499997072,2753.344198454301,review,1.0047753901030714,764.1971058333659,537.8294119298511,7,0,0.7210384774340733,0.11633147849988745,0.10932283300007839,0.3225110000003042,5.054470187499646,1614.206752322318,review,1.0045070333992663,1072.6352053147596,1115.9151891835977,11,0,0.7110974516624622,1083.2137332602942,17.789436956473537,2452.985793003101,21.999584772930348,2.266309759926956,0.03157984532473157
brms,s2_fcor,ok,,4.939870958000938,1.021763009922788,met,0.17881639599954724,0.16183004199956486,0.19370762499966077,0.17881639599954724,4650.266960673856,clear,1.0019194330793366,3316.433022808497,2718.80592521669,0,0,1.0209464277910598,0.18270797900004254,0.16921579200061387,0.3926732500003709,5.122578937000981,3238.0673823763186,clear,1.0029571162746602,3002.6760740179366,2161.4055058019076,0,0,0.9340247061703775,14100.242199033606,538.932561927214,13349.705688999884,330.9480253479769,0.9573851436834485,0.046524440423848734
brms,s2_frechet,ok,,3.9722380419998444,1.4878484939356726,met,0.09300454149979487,0.07839108299958752,0.09531754199997522,0.09300454149979487,2861.431314706243,clear,1.0017165920372193,1029.3075141231313,851.8383429471846,0,0,0.921764201816776,0.13837666699964757,0.13440854199961905,0.3322426250006174,4.110614708999492,1291.1258953179617,clear,1.0047322588484406,959.8288019364228,841.3248583217181,0,0,0.8529122177097694,2039.6374277970665,47.363828308748,2977.627724667117,72.72839156200666,1.4411922024196389,0.018366927152899337
brms,s2_gev,ok,,3.7885612090003633,0.420097990463988,below,0.22529927099958513,0.21932995899987873,0.24665662500046892,0.22529927099958513,2330.960620030407,clear,1.0012526535000092,2136.523833610485,2019.0816922022107,0,0,0.9241871703168356,0.09464777099992716,0.08962029200029065,0.29232624999986,3.8832089800002905,3968.653742742135,clear,1.0017603596783402,2267.0620346784367,2044.8325500849026,0,0,0.9605466396889032,13829.43098529118,206.89551013764867,4994.316066894531,165.64578338694264,0.36509644502541233,0.01029304199388531
brms,s2_gp_approx,ok,,5.251875834000202,2.3663405073601895,met,0.058099520999803644,0.04952866699932201,0.06184479100011231,0.058099520999803644,1754.6448742342711,review,1.011672698053176,399.30892063999704,162.00529132708925,66,0,0.7881420566862607,0.13748325000005934,0.11751925000044139,0.33174958400013566,5.389359084000262,285.5334606267626,review,1.013647901580553,206.7934212253979,73.4625137722209,111,0,0.8514501446879451,677.4315704979157,7.961221474313959,2138.1584462461515,28.469506658328328,3.1352524845154166,0.030680628626292616
brms,s2_gp_by_approx,ok,,6.021541375999732,2.8127064503815546,met,0.08130585400022028,0.07336933300030068,0.09098212500066438,0.08130585400022028,4318.710902499449,review,1.0034229360735702,1412.0593897260076,658.7160524360655,8,0,0.8353730670956027,0.2286895000002005,0.20468595799957257,0.39347204200021224,6.250230875999932,1078.056000836279,review,1.0045199369682993,1137.9279969549239,312.5583045317522,16,0,0.7846458847278821,1077.343153483452,6.549270557457362,3464.5290564416055,89.68480132307104,3.1517365827162207,0.05381595843752862
brms,s2_gp_by_gr,failed,density/gradient mismatch: scaled error 7.33e-07,,,unmeasured,,,,,,incomplete,,,,,,,,,,,,incomplete,,,,,,,,,,,,
brms,s2_gr_by,ok,,4.931664708000426,1.300064773324661,met,0.07658631249978498,0.057750416999624576,0.08658708300026774,0.07658631249978498,1146.030368724532,review,1.0136308751945686,340.9556382524154,119.96230703436346,45,0,0.7825748715754302,0.09956716699980461,0.08771279099983076,0.31601033300012205,5.0312318750002305,1601.1499320300638,review,1.003966098684678,965.2651778998159,826.3718768405772,18,0,0.7938205175666266,1047.201653896234,13.914202196224778,1620.7176026922352,18.87581858915439,1.5450605559255695,0.031744575408723885
brms,s2_gr_student,ok,,5.184205874999861,1.5063718344734227,met,0.11192816650009263,0.10047225000016624,0.12221691699960502,0.11192816650009263,810.9316858707202,review,1.0114343694789971,362.11789513294843,77.27605234035619,14,0,0.6375257381794898,0.16860543749999124,0.16092154199941433,0.3527949580002314,5.352811312499853,807.1406838559867,review,1.0037156370764697,686.8181033689796,879.0347489799143,5,0,0.7010145294137893,1238.7885807816028,31.25935450658426,1933.82432341221,37.27331703638379,1.5784109790472711,0.004378768865547444
brms,s2_hurdle_cumulative,ok,,4.186121624999942,1.5349004463777043,met,0.11641087499947389,0.11239412499980972,0.1238190410003881,0.11641087499947389,7554.067014020985,clear,1.0019061967346972,3543.121187373249,2698.3340843498613,0,0,1.0417180399089625,0.1786791039999116,0.16975474999981088,0.37409666599978664,4.364800728999853,3855.2064741017593,clear,1.0017820521768444,3474.3491769653792,2907.577040996043,0,0,0.9998751570763681,7206.885239545037,79.4047231835234,8646.16170056723,95.3597423769179,1.2079325395613818,0.02420034822058914
brms,s2_hurdle_negbin,ok,,3.4947660010002437,1.697418767102121,met,0.08901197949990092,0.08012116600002628,0.09875949999968725,0.08901197949990092,5417.4494359886085,review,1.0023519356539612,1933.5127594053504,1449.4041762194815,1,0,0.9381611338043189,0.15109060450004108,0.14372883299984096,0.37206137500015757,3.645856605500285,2284.4333812898626,review,1.0023599981660518,1868.6012099359546,1504.5304665820158,2,0,0.9328243548669917,3363.475155548831,72.60465700276018,6990.283189174107,187.3106334801114,2.080724867498967,0.01124284212013582
brms,s2_index_mi,ok,,4.218963790999624,1.2351580741701185,met,0.050502020999829256,0.045779334000144445,0.05394908300058887,0.050502020999829256,12792.528739544297,clear,1.0031426826287542,2567.8757507219098,2559.283382978631,0,0,0.9603873486370308,0.06237797899984798,0.05635766700015665,0.26480208300017694,4.281341769999472,5669.983312755305,clear,1.001437643326875,2528.3346232556346,2622.880410217443,0,0,0.9591924659068798,1199.929230334712,8.659512388939902,1727.3771594410211,11.320531782186094,1.4368539800051987,0.035100852552461426
brms,s2_invgaussian,failed,s2_invgaussian/gradient/0/stanli: failed (event 3467),,,unmeasured,,,,,,incomplete,,,,,,,,,,,,incomplete,,,,,,,,,,,,
brms,s2_logistic_normal,ok,,6.351067374000195,1.3731896793756853,met,0.34096166649987936,0.3360738750006931,0.3489610830001766,0.34096166649987936,3227.025387984341,clear,1.001630031818047,4411.209109374714,2673.303865758082,0,0,0.9971149964725184,0.4682050415003687,0.4621554579998701,0.6733506250002392,6.8192724155005635,2288.9403371955273,clear,1.0033999854130435,4742.492487646842,2840.7302788701363,0,0,1.0265028608732305,19880.563890257807,121.92318030432034,22920.448601551812,615.0054937607583,1.166002771529448,0.023687986027080332
brms,s2_me2,ok,,6.733963332999338,1.4257804655330377,met,0.31037747900018076,0.2999369579993072,0.3239363330003471,0.31037747900018076,335.9072999397912,clear,1.0074231204000195,418.0797145503854,759.450575069117,0,0,0.6512489616597869,0.44253014649984834,0.3825664579999284,0.6615237500000148,7.176493479499186,192.73256664447118,review,1.0094196872818901,371.8101275011281,736.2248251974457,0,0,0.6147606708442465,3042.982142857143,28.969006254430724,4125.396646217823,49.79707356627978,1.4254395714745445,0.020740783992625023
brms,s2_me2_nomecor,ok,,4.426438624999719,1.735644839083277,met,0.18419293700026174,0.1709132080004565,0.18863883299945883,0.18419293700026174,465.150088385101,review,1.0125055393089926,338.60038550132026,684.677667776356,0,0,0.6635258176417336,0.3196935205000955,0.3056871250000768,0.5084833329992762,4.746132145499814,164.6425108204946,review,1.0169412491871035,239.3173562572435,602.0800723571804,0,0,0.678367392549412,1778.4963830248967,50.6224833770093,3283.841600251678,84.99520805072484,1.8413639246682487,0.022745036491837012
brms,s2_mi_lognormal,ok,,4.603404833000241,1.5582795434233552,met,0.03559085449978738,0.03421704199990927,0.039116416000069876,0.03559085449978738,30711.994741503826,clear,1.0032896598995908,4438.349048957847,2568.7268841153755,0,0,0.9246883110943412,0.05546050049997575,0.052088000000367174,0.265574375000142,4.658865333500216,13585.857633065798,clear,1.003369598490739,5822.672730240968,2777.105024198906,0,0,0.9521291881920251,842.3997716447668,30.481409937053115,1868.1984296556482,21.126833265024857,2.1894461350849124,0.05300654664991322
brms,s2_mi_trunc_lb,ok,,4.460705166999105,1.346265768574639,met,0.19919068750004953,0.17682358300044143,0.22568566700010706,0.19919068750004953,1023.3380112321918,review,1.0032118812382174,819.5818194026698,598.7965617879526,41,0,0.7703933757312995,0.2681636040001649,0.21125058400048147,0.4264514169999529,4.72886877099927,816.2123035042915,review,1.003208776670556,958.257085059835,935.7565177743063,37,0,0.7719398200495884,3236.2189435935597,43.272790930000156,4174.988803837552,84.52737313255648,1.296433502207058,0.013413774882217844
brms,s2_mixture_theta,ok,,4.549555749999854,0.770781476282604,below,2.107101375000184,1.5142075000003388,2.497400416000346,2.107101375000184,0.6076435667918679,review,2.338919540157395,4.99836093284347,12.446154170786071,64,329,0.9267099882113546,1.6241147084997465,0.7663676250003846,3.702115375000176,6.1736704584996005,0.6772650418107354,review,2.1502559283983658,5.2262595577409625,11.78280923881894,1333,198,0.9292643679030286,7084.695914229591,207.06665422155584,9324.528757440476,59.57329979829501,1.3474640791931973,0.056365397008485085
brms,s2_mm,ok,,4.665469874998962,1.1811382713159504,met,0.0762441249994481,0.07255508300022484,0.08035874999950465,0.0762441249994481,4351.400642274105,review,1.004597314758858,1328.9268201120694,1174.9537035136589,6,0,0.9057873043700839,0.09005485399984536,0.07739941599993472,0.2755775409996204,4.755524728998807,1307.7531432404562,review,1.0086307019460188,697.1457617723358,323.62885001439236,9,0,0.882878100629759,1678.6171758292248,29.88655110068885,2115.8665929617823,44.72492804681997,1.244924394219093,0.030680652909229167
brms,s2_mm_weights,ok,,4.663038209000661,1.058289517176472,met,0.07710541650021696,0.06973270800062892,0.09109483300017018,0.07710541650021696,2791.7624630532596,review,1.0064609749158913,879.5123069579763,622.1068550715194,18,0,0.8174531281087105,0.08159985399970537,0.07721945800039975,0.27986170800068066,4.744638063000366,359.8117689143915,review,1.0249131300188752,187.20318160644237,32.21010926352282,107,0,0.831878546958079,1714.1618075423025,35.99207613174224,2057.787657932777,41.371812195708685,1.2104275993555458,0.027351247149928315
brms,s2_mmc,ok,,6.968574417000127,1.218464092233841,met,0.18275266700038628,0.1730814160000591,0.1909788330003721,0.18275266700038628,1932.278753132729,review,1.0028855086001678,1409.7240750501185,488.5156996082171,18,0,0.8393201713155707,0.22267756249993909,0.19055775000015274,0.40017433399953006,7.191251979500066,1418.4773928997527,review,1.0034511550909242,1469.6662830384785,962.3885954606812,3,0,0.7937929448082911,4117.179630055147,35.00217878266267,3766.5834716415484,99.24604424370659,0.9108391856704086,0.008022686120578104
brms,s2_mo_simo_prior,ok,,4.012723376000395,1.5342689647168086,met,0.048343041999942216,0.044839082999715174,0.05037191700012045,0.048343041999942216,7646.956307109395,clear,1.0034124833587523,1467.4286168075607,1751.4333250769791,0,0,0.9566476433201654,0.07417122900051254,0.07000395799968828,0.2538641250002911,4.086894605000907,4049.276973458422,clear,1.0013097505451458,1912.1112702997116,1729.2617542754645,0,0,0.9496739664303814,943.0521634615384,27.377672272704558,2179.53024421813,18.78933616575023,2.3112015949771405,0.0770563926308252
brms,s2_multinomial,ok,,4.005406165999375,1.3247310773214243,met,0.1627754584997092,0.15562908299943956,0.17256075000022975,0.1627754584997092,4414.567131802898,clear,1.0010055960183712,2885.982427666148,2633.7305680561017,0,0,1.1027305230179765,0.21563370849980856,0.2037402079995445,0.4192050419997031,4.2210398744991835,2395.2008763619065,clear,1.0011405348775226,2525.0511038675036,2724.508036444957,0,0,0.9488362616003873,9812.557027284263,256.55236543518185,11152.506115056818,490.9630852861628,1.1308424600424258,0.00993790486322732
brms,s2_mv_shared_re,ok,,7.153267042000152,1.2400965271932245,met,0.15399370799968892,0.1413198750005904,0.1683160829998087,0.15399370799968892,2941.9647839932163,review,1.002777369164622,1817.0262160784152,1677.6748275444274,3,0,0.8416854408282363,0.1909670625000217,0.16261141699942527,0.37654241699965496,7.344234104500174,1624.3484215127166,review,1.0045175752932753,1496.1677722745965,719.0415759045886,7,0,0.9490491628939791,2862.4767338267543,36.75530666880786,3153.4106206200495,107.29374159250824,1.10711160207775,0.02455177674054132
brms,s2_mv_subset,ok,,3.48146799999995,1.0893628458371192,met,0.028397562500231288,0.027197291999982554,0.031052207999891834,0.028397562500231288,44618.62336422219,clear,1.002629398087859,5133.132792968216,2702.603340498701,0,0,1.0051251564617247,0.030935249500089412,0.027562249999391497,0.21793616600007226,3.5124032495000392,13912.865510582255,clear,1.0012321329971205,4276.382376523616,2403.182240589117,0,0,0.9869923515217061,666.6143323961195,8.528930333521771,767.839475235849,21.512503181635054,1.1427792538821793,0.019374220266816233
brms,s2_nl_noloop,ok,,3.9208495009997932,2.4536529823316453,met,0.06356979149995823,0.052369417000591056,0.068227458000365,0.06356979149995823,1691.6816504728477,review,1.0136563070257076,419.0912201532133,300.90473338788314,22,0,0.9426041209386615,0.15597820850007338,0.11861229099940829,0.38311254200016265,4.076827709499867,484.1269684794453,review,1.009883473083947,393.925036870929,196.7639577647884,25,0,1.0995388897034526,612.6919725727519,6.733702567520993,2049.999840385373,42.041525800524596,3.348673018834543,0.013351606808342575
brms,s2_nlf,ok,,3.9796755409997786,1.920283201205507,met,0.02780129200027659,0.02724383399981889,0.02818312499948661,0.02780129200027659,26471.7486811968,clear,1.0028354343991461,2939.1461584803924,2500.664708398052,0,0,1.005459090384539,0.053386353999940184,0.051221790999989025,0.2618056669998623,4.033061894999719,7500.021558569975,clear,1.00121197566772,3148.510295289242,2297.080295031628,0,0,1.0320115304649742,788.0918106874225,17.56748450782152,2619.5366780096265,17.460119285400424,3.3113638314255756,0.04434948502512048
brms,s2_rate,ok,,3.613011416999143,1.4816073540926702,met,0.01907410450030511,0.018816292000337853,0.01970104199972411,0.01907410450030511,44392.68903850969,clear,1.0017391287178734,3403.3896103973334,2469.9286164680507,0,0,1.0566105892743118,0.02826033350038415,0.02684829100053321,0.23450512499948672,3.641271750499527,9268.87955680088,clear,1.0042698912191994,2946.3365895628326,2127.309106464698,0,0,1.010013901419986,522.5330588165107,15.025887918122208,1272.7526524861655,54.3836153748083,2.4524195105100803,0.06694508794882115
brms,s2_s_by,ok,,5.9103964589994575,2.778207836431505,met,0.17714237449990833,0.17131716599942592,0.2374885830004132,0.17714237449990833,38.21178635538892,review,1.088985678922962,29.159051079390178,17.815269311304807,274,0,0.8849243570889265,0.49213833299972976,0.48127275000024383,0.7265923340000882,6.402534791999187,600.2763196729886,review,1.0050873531613642,1315.8907818913794,982.0500653997759,22,0,0.973624392758112,1457.5497360897195,33.35192682732236,4758.890928420409,121.76319597713427,3.2654634869404324,0.046904882717996754
brms,s2_s_cc,ok,,4.317245999999614,1.9867219207202158,met,0.038636687500002154,0.036177042000417714,0.041595708999921044,0.038636687500002154,9520.419570613862,review,1.0027503091851655,1476.1041723215287,1544.8921280676873,2,0,0.8416671672032856,0.07676035400027104,0.07466058299996803,0.25761091700042016,4.394006353999885,2175.174767203015,review,1.0043746467791645,1056.6829529474621,1466.2871699719665,4,0,0.8644454092443827,490.39825650512194,12.165657809523282,1472.5384320160515,29.476200682917238,3.0084740802727454,0.091669234626234
brms,s2_sar,ok,,4.0746831250007745,2.2042743553741113,met,0.06257668750004086,0.061034625000502274,0.06545058299980155,0.06257668750004086,15102.280179788426,clear,1.0013163009341222,3800.3163845167674,2673.8330721600782,0,0,0.9868071759609477,0.13793618750059977,0.12848466600007669,0.3313698330002808,4.212619312501374,5442.669402229819,clear,1.000394951804463,4004.3181455264676,2702.17010520898,0,0,0.9351038599524001,3405.9342787331207,25.98664268786183,8544.657156474283,119.2899718648041,2.5022023970557976,0.01135986733530836
brms,s2_sar_error,ok,,4.127226457999313,2.1162489424081925,met,0.06683877150044282,0.06328225000015664,0.06958737500008283,0.06683877150044282,12197.78864603109,clear,1.0016699941784741,3251.286019475865,2389.90468915028,0,0,0.9583511898990519,0.14144747949967496,0.12248387500039826,0.34487841699956334,4.268673937498988,3634.451194875913,clear,1.0011058294300974,2726.7733623587656,2407.8289878385945,0,0,0.9646508479495156,3535.4346059025515,72.35359203928533,8738.175903320312,69.62499032041615,2.463465878122368,0.02506632489577032
brms,s2_shifted_lognormal,ok,,3.932126374999825,1.67411481816007,met,0.02527474999988044,0.023706250000032014,0.028589375000592554,0.02527474999988044,18449.611328057777,clear,1.00213903814792,1897.4525832426295,1933.999560837482,0,0,0.8414311713677309,0.042312833500091074,0.04069120800068049,0.233324167000319,3.9744392084999163,7165.643501206807,clear,1.0020966599459553,2569.8938518818045,2040.0996577279016,0,0,0.9239711307022035,529.5271399637971,4.990951380302874,1446.1928529935226,44.3330205743963,2.740993359037007,0.0917273081647636
brms,s2_t2_by,ok,,5.866526750000958,2.455079067518503,met,0.11540531250011554,0.11150249999991502,0.12215170800027408,0.11540531250011554,3877.524029334791,review,1.0035901991890903,1800.9735507401,1457.1036698732787,4,0,0.8972664246208095,0.2833291669994651,0.2717250839996268,0.4525227089998225,6.149855917000423,1431.6565970509266,review,1.0031078784203944,1848.1342728906911,1387.6156875503834,7,0,0.8730938779810857,1625.8249727511775,44.49626365974382,5078.638400733558,50.67731016303878,3.0709739148560886,0.0529914778643199
brms,s2_threading,ok,,3.3684040830012236,1.1368557465625682,met,0.02051125050002156,0.019384334000278614,0.022179165999659745,0.02051125050002156,41544.23851635191,clear,1.001510975368209,3430.9725236549075,2735.1435199929474,0,0,1.0384610756389498,0.023318333000133862,0.021946041999399313,0.2091740830001072,3.3917224160013575,11804.91384194716,clear,1.0016169456073254,3278.8949867680594,2432.336094258259,0,0,0.8486995770189808,369.83178936493056,13.025996220175557,452.9804618239298,2.6945695617514502,1.2386314018599003,0.04771784365270493
brms,s2_unstr,ok,,7.55563683299988,1.1315939557617698,met,0.460610688000088,0.45360716699997283,0.4855855830001019,0.460610688000088,649.0379980951188,review,1.0059486982678163,1207.479459967083,852.5557479020267,122,0,1.0167302969353895,0.52122427050017,0.4646012500006691,0.7012570830002005,8.07686110350005,405.01615259626834,review,1.004773978479662,894.3999538598622,621.0847804716917,182,0,0.860811939342389,6119.839447234877,119.21704680307857,6610.184145535269,94.74067271180775,1.0575500592363087,0.02315566377908429
brms,s2_weights_trunc,ok,,3.6213377089998176,1.1528001190762558,met,0.20491762499977995,0.17396245799955068,0.23619412500011094,0.20491762499977995,691.8300231843987,review,1.0026941372309617,567.294968834869,575.3147352600818,21,0,0.6458433862321883,0.23622906250056985,0.20851133300038782,0.4248574590001226,3.8575667715003874,489.89766261299764,review,1.0057228675861036,541.7420218936458,749.0056029502155,7,0,0.751824134836207,5812.919360743674,104.39944221552196,6865.989083898875,228.93679642268307,1.156173239559642,0.03924544959054044
brms,s2_wiener,ok,,3.6559119999992618,1.0427329695079588,met,0.4525462710003012,0.4421996669998407,0.480896500000199,0.4525462710003012,1534.382449085923,clear,1.0034977511045295,2805.1406687076374,2633.5930334317372,0,0,1.0279064293530151,0.47188491699989754,0.4275744169999598,0.6590810839998085,4.127796916999159,1264.6257236528693,clear,1.0015376175639394,2567.7281085969425,2222.1432197702757,0,0,1.0675974943502222,28426.953577898552,349.3179353493233,29371.612778829967,771.6986766673908,1.0282798523691858,0.030422930789930525
brms,s2_zi_asymlaplace,ok,,3.5796090839994577,0.6997325433437341,below,0.2120134169999801,0.20412158300041483,0.21934445900024002,0.2120134169999801,797.6003971288006,clear,1.0032613161181725,675.96065446192,788.8211260879575,0,0,0.9155016058121132,0.14835268750039177,0.1355569170000308,0.3246672089999265,3.7279617714998494,1110.0218208510953,clear,1.0027931919317439,840.2082629567534,1108.6225773839474,0,0,1.025472470348963,6035.021392954016,113.10453504920815,4450.7934481534085,64.76971663337144,0.7307633614978237,0.011541406794354447
brms,s2_zi_beta,ok,,3.629193624999971,1.6326215792710683,met,0.069348791500488,0.06567729200014583,0.07558212500043737,0.069348791500488,14319.118868743228,clear,1.0012422907805627,4008.737561159074,2330.1573360136917,0,0,1.0640532937448823,0.11322033350006677,0.1002192500000092,0.3084659999994983,3.7424139585000376,5690.55935111147,clear,1.0017914275617676,3614.2217261155547,2401.402909291586,0,0,1.0109116350226472,3997.074513887741,99.75883022584026,6598.857953466522,133.54883734809027,1.6492424802858574,0.02693558379092642
brms,s2_zoi_beta,ok,,3.6868063339998116,1.5596541659274163,met,0.08045470799970644,0.07609129200045572,0.08327699999972538,0.08045470799970644,13307.676579794153,clear,1.0024273069008398,4262.152153776347,2017.6307271612598,0,0,0.9415432720924675,0.125481520500216,0.11204958300004364,0.3352096660000825,3.8122878545000276,6634.965193687086,clear,1.000757291066655,4632.680591610194,2609.547377246774,0,0,0.887280346257761,4237.703773601481,112.87651480214072,6574.878403188344,124.59305669889636,1.580949574352222,0.035931573649334414
brms,sw_acat,ok,,3.8971229999997377,4.417434906608834,met,0.7178536874998827,0.6989854590001414,0.7423114590001205,0.7178536874998827,1136.2432789875293,clear,1.0023843395776635,3268.9767915395496,2621.7767035011416,0,0,1.024002306150034,3.1710719369998515,3.1030131659999824,3.2318365000000995,7.068194936999589,252.5540531357085,clear,1.0013170237784024,3201.626100102139,2118.6601833803556,0,0,1.0347681494995993,47575.18655873494,1338.8323909900028,162818.75515295245,3381.987328109477,3.411779600908658,0.08769507257709264
brms,sw_acat_cs,ok,,5.030017790999409,3.9899578610516566,met,1.3326903329998459,1.2273191250005766,1.3761692919997586,1.3326903329998459,544.8643599243168,clear,1.0020605955464426,2870.8189804338317,2539.25608980664,0,0,0.974471940437223,5.317378270500285,5.12794995799959,5.534006750000117,10.347396061499694,122.27012547695212,clear,1.0027536105901347,2603.9518012019325,2615.6205939044853,0,0,0.9917467576962576,59879.84961228832,1429.1032469808379,193794.34199352044,1780.0146852749458,3.1733917558530074,0.10172923148076563
brms,sw_ar,ok,,4.26203166599953,1.3622262174119113,met,0.041043583499686065,0.03768324999964534,0.042872875000284694,0.041043583499686065,19312.293024309743,clear,1.0023362589090266,3141.014913528896,1932.0096407601848,0,0,0.8872141842967616,0.05591064549980729,0.05064754199975141,0.2517207920000146,4.317942311499337,7168.858061212458,clear,1.0013408128303716,2969.2666320473745,2357.011536533734,0,0,0.8885293188348771,1680.278755623299,52.22574836880267,2833.0979525271287,37.43131703859376,1.733713911722658,0.02864998801938201
brms,sw_arma,ok,,4.351470958999926,1.4541501699043171,met,0.14333204149988887,0.11522958400018979,0.1622618749997855,0.14333204149988887,433.21988313309373,review,1.015714544948167,244.40339797402018,46.497734598644115,233,0,1.0522572526469627,0.20842631249979604,0.17171612499987532,0.43846554100036883,4.559897271499722,782.4908977678393,review,1.004811353818023,803.6449844028182,727.6050478997385,148,0,0.9989056240462967,2462.3412079930904,50.15711808155811,4067.6888177540677,31.64472962803393,1.6231765145502597,0.03843509165852099
brms,sw_asymlaplace,ok,,3.7381964169999264,0.6765678487895932,below,0.17455341649974798,0.1712685420006892,0.18309075000070152,0.17455341649974798,958.264726907436,clear,1.0078732598603284,674.1067741626069,824.159346573202,0,0,0.9217568579155533,0.11809722950010837,0.1074309590003395,0.2888871659997676,3.856293646500035,1056.5326255177315,clear,1.003670405088485,668.2701810468668,760.3715428866901,0,0,0.9418621162249937,6163.777401286326,116.69497631395416,3451.0931624060777,220.98360964038716,0.5528058594359506,0.013321648501704475
brms,sw_bernoulli,ok,,3.2779643750000105,1.1351396332655959,met,0.01974099999961254,0.018172625000261178,0.020122083999922324,0.01974099999961254,37223.993416434685,clear,1.001682684223042,2895.1597037459414,2644.2528532020215,0,0,1.0522387853311312,0.022408791499856306,0.02155312499962747,0.21154254200064315,3.300373166499867,10346.209587346571,clear,1.0015993213274588,2875.348731600471,2562.403006931423,0,0,0.9828835119275113,441.82589185043923,9.985897276154333,530.4603232959936,9.161754992736746,1.2244543554239034,0.022410536703424855
brms,sw_beta,ok,,3.889546041000358,1.4926058742031876,met,0.0373677709999356,0.03427629199995863,0.040458458999637514,0.0373677709999356,22390.289105908163,clear,1.0030277001688142,3346.683073002875,2782.8096326636114,0,0,1.061280732986308,0.0557753545003834,0.04940812499989988,0.24948441699962132,3.9453213955007413,8316.136415571347,clear,1.0060123577140772,3413.302066168986,2442.5637497785096,0,0,0.947219894748779,2110.2844623861947,39.49045412334135,3311.199430561501,92.3405298968546,1.560211835732297,0.06330907269652508
brms,sw_binomial,ok,,3.544540374999997,1.2556852509496235,met,0.030583500499687943,0.028486082999734208,0.032687082999473205,0.030583500499687943,26412.9276336668,clear,1.0015578596560573,3231.361977624292,2425.3243516976163,0,0,1.0430673878154235,0.03840325049986859,0.03607554100017296,0.2566734579995682,3.5829436254998654,8752.251446525488,clear,1.0034375190727651,3234.442659441884,2575.5994530727703,0,0,1.0901822724293109,1740.6600350454346,19.09509724610814,2473.383257541494,38.06552693264439,1.4040858649375596,0.04082995756578445
brms,sw_categorical,ok,,4.319209875000524,1.0576301590624946,met,0.03566093749986976,0.034173291999650246,0.037505540999518416,0.03566093749986976,24610.589301918197,clear,1.002158652888999,3519.331694444658,2688.9426191374746,0,0,1.0083119046731186,0.037716083000304934,0.03727870900002017,0.2503239999996367,4.356925958000829,9180.692740294631,clear,1.0009843980939,3332.911641388718,2820.5202009800337,0,0,0.9509151131717807,1214.99955875259,23.98019137732763,1284.7142028892688,20.861770488931597,1.0474516289221656,0.004368714229486592
brms,sw_cens,ok,,4.139988916999755,1.5205625592796383,met,0.028469000000313827,0.026783082999827457,0.031461583000236715,0.028469000000313827,17512.034056432225,clear,1.001729187745745,2017.0827697147733,2191.0249939923638,0,0,0.9724732875443651,0.043288895500609215,0.042973708000317856,0.24462645899984636,4.183277812500364,5432.483334907092,clear,1.0025717887327674,2032.7155211320771,2126.9591212074843,0,0,0.9248559162479925,837.3404724957192,20.548589493266604,2005.0757165985835,58.055355182437665,2.414846832903213,0.015090391841334538
brms,sw_cratio,ok,,3.6176928750001025,1.3988023071255318,met,0.7634610834998057,0.7298881670003539,0.7790891249997003,0.7634610834998057,1286.2945330570599,clear,1.0018796618385708,3905.0608770221556,3022.8791537715583,0,0,1.0760557708390694,1.0679311250000865,1.0161702499999592,1.2791432500007431,4.685624000000189,973.2011020689557,clear,1.0017401883703236,4312.4251233620835,2663.4969301580422,0,0,1.039624665968737,60941.86671744455,1949.901189701508,76183.46963107024,1907.4617684680925,1.245709749278523,0.047906963761369714
brms,sw_cratio_cs,ok,,4.732508791999862,1.628328705149295,met,1.2776910419997876,1.2008710410000276,1.515735666999717,1.2776910419997876,819.7441137354076,clear,1.002076077196742,4321.681779920485,2604.169630932827,0,0,0.937018360623808,2.0805010000003676,1.9460426249997909,2.2013746249995165,6.81300979200023,582.0785955661107,clear,1.002498524774925,4836.153008414464,2781.3744678100643,0,0,0.9590271047170101,78151.36344625356,1535.2185581659724,107635.1669520548,1832.2065078080705,1.36675366132855,0.025670511454695122
brms,sw_cumulative,ok,,3.7819025839999085,0.9574749086065205,met,0.315215853999689,0.3060582919997614,0.33633695899970917,0.315215853999689,3444.3596310593493,clear,1.0009937123422097,4384.0737948996675,3106.859723339458,0,0,0.9639804938684245,0.3018112709996785,0.2924907090000488,0.48477354100032244,4.083713854999587,3243.942361467509,clear,1.002351350563687,4479.5171609588915,2809.2535028408747,0,0,1.0482823827409493,21712.8183169314,417.87168819498766,21191.780613111412,220.96155541743792,0.9778850563400534,0.00409306491001743
brms,sw_cumulative_cs,ok,,4.7727623740001945,1.0939238187080425,met,1.3847379375001765,1.2205658330003644,1.614053917000092,1.3847379375001765,360.087881863634,review,1.00285600379692,2017.9669233677996,2274.3739082669135,156,0,0.9479459380738061,1.5147978125000918,1.2752258339996843,1.804454292000628,6.287560186500286,317.53385869793726,review,1.0033849498213854,1939.9019030649258,1856.1211539934807,165,0,0.9677642381485341,60108.799423810924,1143.8969332094202,62857.00718045955,1858.2347129632617,1.0367825921938993,0.037700238954531784
brms,sw_dist_sigma,ok,,3.850778167000499,1.8531681494869718,met,0.026350437499786494,0.02479541600041557,0.027101416999357753,0.026350437499786494,36976.39736741832,clear,1.0031675970767853,3867.6464147050197,2664.901652414247,0,0,0.9871417834002206,0.048831791499651445,0.04633525000008376,0.2557213749996663,3.8996099585001502,9002.768294470638,clear,1.0014440461312915,3598.5884152330827,2762.5252780634596,0,0,1.0037380500214863,613.3199455835247,13.625396664074287,2075.455687728945,41.81104051341481,3.4321752956360423,0.07964471760665326
brms,sw_exgaussian,ok,,3.9009852090002823,1.5962549233031902,met,0.05444689549995019,0.04787391599984403,0.05944849999923463,0.05444689549995019,1831.9046957083285,review,1.0115011378185006,396.08748488967365,186.1654893824683,55,0,0.9789617592602349,0.0869111250003698,0.07967770799950813,0.2854687090002699,3.987896334000652,553.8402843751359,review,1.0136605750527543,298.50255980085456,101.15988961447519,97,0,0.8230973558824703,919.1913198143545,17.479155569365503,1753.8241220221366,12.546499153735567,1.9371671805813115,0.0828591342047249
brms,sw_gamma,ok,,3.7492098339998847,1.577938901267015,met,0.024542458500036446,0.02348754100057704,0.02513445899967337,0.024542458500036446,32384.551548951364,clear,1.0025042563731899,3164.1946902860823,2564.2484616658876,0,0,1.0231639933573573,0.038726499999938824,0.03623583299940947,0.2350380000007135,3.7879363339998235,10823.849175433275,clear,1.0021675534489263,3774.5666438185144,2581.719635585434,0,0,0.9863319363683132,679.1411438299194,22.697296944860227,1668.103286160116,21.64552331636196,2.4241487012784706,0.05206335843620935
brms,sw_gaussian,ok,,3.731355206999069,1.4906158832544316,met,0.019515395499638544,0.01860895800018625,0.021437417000015557,0.019515395499638544,47449.379113851246,clear,1.0014670031850075,3752.1624287582217,2893.599468465627,0,0,0.9215688439599301,0.029089958499753266,0.02178212499984511,0.2006512500001918,3.7604451654988225,11464.896787488748,clear,1.0046356458993901,3217.2024299722075,2154.1979646823033,0,0,0.9521837824739078,357.58799627649853,5.963733903750011,435.3306106211808,7.696159893374386,1.2101920225636698,0.038807316755600674
brms,sw_gp,failed,density/gradient mismatch: scaled error 7.83e-09,,,unmeasured,,,,,,incomplete,,,,,,,,,,,,incomplete,,,,,,,,,,,,
brms,sw_hurdle_gamma,ok,,3.551142043001164,1.6948381124220266,met,0.043920541999796114,0.04007045900016237,0.046161250000295695,0.043920541999796114,16735.694728552924,clear,1.0028187942304725,2913.229124195426,1579.0800271410938,0,0,0.9838997843658901,0.07443820849948679,0.06693958300002123,0.2828225000002931,3.6255802515006508,6646.008455291185,clear,1.0012197806577017,3313.9556871289806,1883.0553395053187,0,0,0.9595931402462446,1577.145481257916,33.24200308129559,3503.8403470861704,66.5214793182347,2.2128279132972475,0.027913957915724597
brms,sw_hurdle_lognormal,ok,,3.587224416999561,1.6675144358150458,met,0.03670535449964518,0.03581337499963411,0.03741487499974028,0.03670535449964518,22825.760046524614,clear,1.0029893625812747,3347.145691575683,1802.1096069197088,0,0,0.9143801907183687,0.06120670849986709,0.06055408300017007,0.27253579199987144,3.648431125499428,6926.571951465963,clear,1.0009278529055916,3155.076326166057,1766.1338536626015,0,0,0.9677824265457465,1110.3336822170822,17.940928516300005,2856.8219294128457,45.944039508306105,2.567168072098881,0.06571918124634935
brms,sw_hurdle_pois,ok,,3.3931209170004877,1.846465975204504,met,0.037280687499333,0.0352255839998179,0.04055408299973351,0.037280687499333,20891.75936605807,clear,1.0008648860050224,3140.888872269188,2104.042299670603,0,0,1.0259446881048886,0.06883752099975027,0.06615720799982228,0.27480224999999336,3.461958438000238,7027.8573429408825,clear,1.000591020162221,3363.774985405032,2309.756347615852,0,0,1.009942432347704,1608.0869847828599,41.79367289944503,4073.0369989615165,81.64503042341084,2.5920968239837014,0.04806924014181524
brms,sw_lognormal,ok,,3.69620812499943,1.4889918712582353,met,0.020675062499776686,0.0202832920003857,0.020923625000250468,0.020675062499776686,39830.83779522065,clear,1.003583194047978,3288.316148762768,2357.215502444876,0,0,0.8665162531247829,0.030784999999923457,0.029876874999899883,0.22962883399941347,3.7269931249993533,9669.039167895064,clear,1.0015269976408552,3104.4936061725584,2688.1968026923505,0,0,0.9589031233156857,420.6113838637886,10.634267166416066,1133.02866178791,41.66746615043803,2.726584304798241,0.07925728898435014
brms,sw_ma,ok,,4.295108833000086,1.3256610737070036,met,0.04468474949953816,0.041999165999186516,0.04592937500001426,0.04468474949953816,18170.644805745676,clear,1.001806378233922,3221.619709563583,2359.9991273325754,0,0,0.9757305351059218,0.059236832999886246,0.05446112499976152,0.27729795800041757,4.354345665999972,6302.592269192443,clear,1.0013193784308683,2837.6334431843566,2164.041874985435,0,0,0.9119729644144691,1682.1514300218787,41.139190220074966,2903.2771390812127,68.05274361205988,1.6984460779784056,0.03229625309519868
brms,sw_me,ok,,4.199250083000152,1.890309866129742,met,0.09873760400023457,0.09635175000039453,0.117134499999338,0.09873760400023457,176.0800844065323,review,1.0681111297565986,72.36212821250709,398.77440807518434,0,0,0.6570490117232901,0.18664466699965487,0.16438733299946762,0.3677442090001932,4.385894749999807,315.5669775240379,review,1.0126570917692201,285.72092922616184,523.3627033062993,0,0,0.688615135639977,1027.4166274297804,20.574950209257622,2001.1309591744198,33.221963205645125,2.007132602814739,0.038886308853679497
brms,sw_mi,ok,,3.8322683749993303,1.057807808456028,met,0.03893397899992124,0.03834287499921629,0.03908016700006556,0.03893397899992124,33592.515966572944,clear,1.002758791398066,5216.615396935663,2759.437293169443,0,0,0.9024555642695807,0.041184667000379704,0.03658237499985262,0.24137879200043244,3.87345304199971,14524.486138458953,clear,1.0023790758518265,5233.6153670536405,2604.5689434387928,0,0,0.9437246511824319,886.6715380625187,15.44228911304549,964.5995286355808,15.514281921070108,1.109090552700938,0.021823181711686845
brms,sw_mixture,ok,,4.790726250000262,1.474668856322396,met,1.7431054164999296,1.6435110000002169,1.9004815000007511,1.7431054164999296,0.6624650614224655,review,2.7795105104415683,4.6572640828088145,10.802471978804382,0,542,0.9832857693694949,2.5705032709993247,2.394221749999815,2.6480393339998045,7.361229520999586,0.6845717782988127,review,1.8625083518781778,6.971177627622363,11.212219894227163,0,555,0.9164200922658822,5144.290472438351,112.50987009044866,7177.880835763721,288.07377798190873,1.3619463245535917,0.04831648650212139
brms,sw_mono,ok,,3.995189792999554,1.4778114520435282,met,0.04506785450030293,0.04010087500046211,0.04604954199930944,0.04506785450030293,12184.339904371642,clear,1.001560472719616,2147.9300796134858,1850.031984962259,0,0,0.8712021714562042,0.06660179149957912,0.05996087499988789,0.2574580420005077,4.061791584499133,4468.482176789667,clear,1.0020424379705206,2013.598609708408,1731.7506922276589,0,0,0.9611382430692841,930.5733846311216,38.13443662161751,2027.6679283961776,38.555651272941645,2.2058348244427473,0.062493250225391206
brms,sw_mv_norescor,ok,,3.4719349579991103,1.0721907089102887,met,0.028171333000045706,0.026558958000350685,0.03317616700041981,0.028171333000045706,38761.34797901451,clear,1.0022021116948012,4499.331649619727,2519.13905676823,0,0,1.0237689147232296,0.030205041500266816,0.02833974999975908,0.22845349999988684,3.502139999499377,14913.964173655324,clear,1.0015421860785494,4730.759144128738,2771.769062042463,0,0,0.9573966683837247,670.2808676332365,10.654048878552999,801.861365476752,24.365501171184576,1.1956518895897588,0.026990573702497578
brms,sw_mv_rescor,ok,,6.232854709001003,1.2209893758777048,met,0.13685989600026005,0.12736695900002815,0.1401387079995402,0.13685989600026005,7637.776848338397,clear,1.0023772160544895,4133.759280482198,2556.4865101215696,0,0,0.9280933485020355,0.1671044790000451,0.1584650419999889,0.3970689580000908,6.3999591880010485,4988.30919729863,clear,1.0021430749949807,4438.312980623937,3094.9668046853135,0,0,0.9558858748609247,6728.069359463569,130.1199295960473,7764.980056884766,261.9767090154164,1.165591130782353,0.023699569041219393
brms,sw_negbinomial,ok,,3.3854258330002267,1.23144790588735,met,2.6243227290001414,2.0780564589995265,2.8388495419994797,2.6243227290001414,0.41770896875497343,review,3.8510789810729547,4.246242016764208,11.305885871826385,519,3481,2.0085722395648196,3.2317167289997997,3.0894259999995484,3.8360872910006947,6.617142562000026,0.3011632012665477,review,,4.032258064516129,,576,3424,2.1050547366336767,1611.5057836272617,20.558434836647734,1691.08746602655,35.08944969281424,1.0657624709490605,0.024537431525555986
brms,sw_nonlinear,ok,,3.869043084000623,1.9595071223131073,met,0.02337293749951641,0.021956334000606148,0.02495870799975819,0.02337293749951641,26032.751076969183,clear,1.002314557239099,2438.2513378859776,2027.4907782167218,0,0,1.0037778538289919,0.04579943749968152,0.04388508300053218,0.25093945800017536,3.9148425215003044,7153.29091082452,clear,1.0015291102942743,2764.1991094030673,2235.213575847983,0,0,0.9753726164910792,581.9088330078125,52.06936758433915,2438.269886583385,27.166215916053943,4.407323803459325,0.18684182903000046
brms,sw_poisson,ok,,3.125005459000022,1.1133688889007565,met,0.022192667000126676,0.02208950000022014,0.02261270799954218,0.022192667000126676,38457.85491157076,clear,1.0010029292421545,3426.115764665069,2883.951525266263,0,0,1.0747855529445944,0.02470862499967552,0.024025917000471964,0.22382829199978005,3.1497140839996973,9755.600259655675,clear,1.001250022054178,2900.061522604749,2782.847889886266,0,0,0.9428102907693149,599.6355285148311,5.839060949900784,686.0916520003434,17.140034361655694,1.1532891987974416,0.015110919957113556
brms,sw_re_bern,ok,,4.647552583000106,1.5618900667223106,met,0.04990300000008574,0.0477384579999125,0.05310716699932527,0.04990300000008574,5812.565475952409,clear,1.0017801166867983,1166.3007081653154,1204.6646517290792,0,0,0.7502480646139825,0.07794299999977738,0.07123408400002518,0.28439570799946523,4.7254955829998835,2276.7722856509095,clear,1.001634137340516,1164.6049788962014,1360.5341719084104,0,0,0.7363763914474243,941.4790126033715,31.597228476845032,1617.5449995532067,33.59020856283712,1.704096482758929,0.018143318871446823
brms,sw_re_gauss,ok,,4.593474500000411,1.3448371921536695,met,0.055985417000101734,0.04873091599984036,0.058694375000413856,0.055985417000101734,2014.3462448909968,review,1.0069747621869691,441.93976053830767,227.00748847181632,11,0,0.8350980248355101,0.07529127099996913,0.07226175000050716,0.27877854100006516,4.6687657710003805,1989.4691126247021,review,1.0024205754731104,997.9631324418149,1163.439548224698,7,0,0.7559776633770816,991.5605764081402,24.92027378057668,1499.3317392128752,23.90519510747015,1.4857432096341239,0.03176832587771217
brms,sw_re_negbin,censored,"stanli_sample_timeout(0.64917s, seed=2)",4.787426042000334,,unmeasured,,,,,,incomplete,,,,,,,5.005079874998955,0.21639012500054378,5.840837083999759,9.79250591699929,0.2509591680841386,review,35.86799672348854,4.032258064516129,,1309,2691,0.011448052727893234,2143.9989998278857,63.99049275665607,2799.8857581334605,58.340154309207946,1.3002721667951174,0.01576267853110236
brms,sw_re_pois,ok,,4.502876500000639,1.4791812933466661,met,0.05786514600004011,0.04901854099989578,0.06564054199952807,0.05786514600004011,4361.626922309124,review,1.0079548565963876,1004.8725006118096,865.2362372439821,14,0,0.7604552776989513,0.085593041500033,0.07707766699968488,0.2855217919986899,4.588469541500672,449.70885232450127,review,1.0152898507836123,240.04808347953065,91.06364579132418,44,0,0.8080680825012845,1100.4524947179839,23.17057455523866,1664.3238265974264,21.544865074425957,1.5598051329851104,0.06476929649894125
brms,sw_re_slope,ok,,6.82064683399949,1.2254041557946853,met,0.1725765829996817,0.16138774999853922,0.17836549999992712,0.1725765829996817,219.79857706342054,review,1.0305863022512998,150.54145565793016,40.50952380554805,44,0,0.6883551946701081,0.21147606200065638,0.1661442500007979,0.42355462499835994,7.032122896000146,1016.7883915939813,review,1.0028688733040991,1029.6517805197268,993.620464413504,11,0,0.7094114086195304,2360.881272991884,44.85100161696823,2442.5436966734715,51.38690251777166,1.037930029660393,0.028554964049543774
brms,sw_se,ok,,3.5451833749993966,1.3729050888347383,met,0.01779977050046,0.017431041998861474,0.018331500001295353,0.01779977050046,49221.30881597307,clear,1.002345711768404,3512.5351251471047,2469.57194796364,0,0,0.9893590866229487,0.024437395500171988,0.02368045899856952,0.22066383400124323,3.5696207704995686,11265.6071834341,clear,1.000993047446206,3303.2910190321327,2725.5054800094667,0,0,1.081253204524729,355.7008105879071,8.414085101281813,984.7851054937028,19.770259376372394,2.685820863722407,0.0764459692178987
brms,sw_skewnormal,ok,,3.9657157069996174,1.2217483033142131,met,0.048477354000169726,0.047678958000688,0.049100624999482534,0.048477354000169726,11640.290416974012,clear,1.0030319003454677,2255.123410972491,2035.8212787585132,0,0,1.0290778227857267,0.05922712499886984,0.05361941699993622,0.24557724999976926,4.024942831998487,4976.6509538174605,clear,1.0018889182627613,2078.5028344380726,2251.0724535222507,0,0,1.009641563902311,1442.4256577435663,30.848771858786563,2138.8950141307328,58.03228179793541,1.4927997562922473,0.054261415097325405
brms,sw_spline_s,ok,,4.467390833000536,2.5262731970496413,met,0.06262479199995141,0.057995709001261275,0.06645737500002724,0.06262479199995141,3058.1255190481015,review,1.0063207657818822,763.622101188839,356.65847844842136,37,0,0.869573903675697,0.15820733350028604,0.13638537500082748,0.33531124999899475,4.625598166500822,1403.6067591710403,review,1.002474447177871,1106.1983364307748,851.0129113083507,27,0,0.8975619655123169,557.1871566778796,8.489586657882569,1830.4563841444651,32.07410384085688,3.3212481921748904,0.048961383647110335
brms,sw_spline_t2,ok,,4.927657333999377,2.2136157319196834,met,0.0816288545001953,0.0719935830002214,0.08976404199893295,0.0816288545001953,4527.217596984208,review,1.003340017568219,1471.4151393724399,922.8436762990214,4,0,0.8789601788675071,0.18069491650021519,0.15672954199908418,0.3870320830010314,5.108352250499593,144.03218499878867,review,1.0258349569449852,130.37094225065792,24.38919000530892,63,0,0.9263177191059725,947.5334226623062,19.716126778665057,3145.434806637555,37.683756938522265,3.271306997263799,0.019283549906746522
brms,sw_sratio,ok,,3.6281790009998076,1.4334990581790534,met,0.7630057914993813,0.7494188750006288,0.7808083750005608,0.7630057914993813,1277.7341989300667,clear,1.0018796618385708,3905.0608770221556,3022.8791537715583,0,0,1.0760557708390694,1.0937680834995263,1.0381804579992604,1.3171701669998583,4.721947084499334,949.2697751037903,clear,1.0017401883703236,4312.4251233620835,2663.4969301580422,0,0,1.039624665968737,61415.771335132886,1065.6060210179094,77304.64271722561,1358.7478809435852,1.2538817897188799,0.042493759142162246
brms,sw_student,ok,,3.9401444580016687,1.5291402396927547,met,0.029062749999866355,0.028524041001219302,0.030382167000425397,0.029062749999866355,35334.509590992915,clear,1.0020286119621922,4135.258008824952,2367.4505151800845,0,0,0.931064112518158,0.04444102050092624,0.043178249999982654,0.23726283399992099,3.984585478502595,10096.483367174711,clear,1.0025677075810104,3728.864788693217,2398.913548188233,0,0,0.948688032929511,542.1657252299756,6.275244536547177,1372.8498355133365,34.49410066118173,2.5607400089788177,0.04286776942903181
brms,sw_trunc,ok,,3.587450873999842,1.1166145091036366,met,0.21235029150011542,0.17888016600045376,0.22210554199955368,0.21235029150011542,387.2858631707099,review,1.0155811058946909,319.77662791824923,225.5744525761332,18,0,0.7074356843334667,0.23711341650141549,0.18434391699884145,0.45156758300072397,3.8245642905012573,342.5518634534936,review,1.006703520272866,380.2799546611259,287.78540478156583,36,0,0.6976518821434701,5564.0341907848015,114.87770649949198,6383.195840987771,154.4323594079642,1.1550276447440153,0.004059734252578995
brms,sw_vonmises,ok,,3.6938587079985155,1.8894292637236678,met,0.9117151870004818,0.7678680830013036,1.2036862920012936,0.9117151870004818,1.7008916435115056,review,2.213639205412142,6.454857846833765,24.60229892824541,0,1518,0.4194443413567958,1.7226213545000064,1.5693570000003092,1.8494179580011405,5.416480062498522,0.8110858561051076,review,2.614106432967495,5.567307645760465,11.627311522054795,0,1318,0.5627652427785461,702.8963675883878,20.147823309356284,1552.713768295095,31.50234554664769,2.2357745368890924,0.04660524300214797
brms,sw_weibull,ok,,3.9456440410012874,1.3422981552716498,met,0.04640977100007149,0.04384604199913156,0.04833912499998405,0.04640977100007149,16910.29839697899,clear,1.0009503065703316,3128.4848340237268,2501.445045738024,0,0,0.8941300730358437,0.06229574999997567,0.061209041999973124,0.25316837500031397,4.007939791001263,7152.333689897038,clear,1.0017338926949018,3139.652173878422,2380.400579364506,0,0,0.9441387437989179,1938.5973062174235,46.94855727615686,2885.7106936297414,43.909558054390345,1.4742990946307741,0.013324928751947906
brms,sw_weights,ok,,3.5297125409997534,1.7007977488680217,met,0.02309906249956839,0.021911542000452755,0.026748000000225147,0.02309906249956839,35891.92760092701,clear,1.001364603736971,3404.6245163501917,2703.912946816665,0,0,1.0032778399693738,0.03928683350022766,0.038659042000290356,0.25748537500112434,3.568999374499981,8524.989192938327,clear,1.0017663657891647,3194.467616514498,2449.2771932841006,0,0,1.0642094221615328,544.5210277609897,16.374190080170877,1824.9499124386748,21.290136760825476,3.446850041670899,0.05300545290630243
brms,sw_zi_binomial,ok,,3.422513416999209,1.5122113036165084,met,0.04695612500017887,0.043035250000684755,0.04853420800100139,0.04695612500017887,12512.590458814757,clear,1.0052221746918775,2320.8566498310392,1409.7420895002942,0,0,1.0151321161389109,0.07100758299930021,0.06415800000104355,0.29036291699958383,3.493520999998509,5585.704207597723,clear,1.0015781838292686,2773.503688032879,1646.3032476415603,0,0,0.9463487697243075,2033.829983730684,52.18740411487636,3759.296367100307,89.14409226168618,1.8380708003956345,0.02575296183090514
brms,sw_zi_negbin,ok,,3.4704217500020604,1.5008250223724977,met,0.07824393700047949,0.07304416700026195,0.0902566669992666,0.07824393700047949,5046.543493304327,review,1.0052841222502302,1613.8276235920578,1222.3504025923771,27,0,0.8801504146352818,0.11743045849925693,0.10225466700103425,0.3190227919985773,3.5878522085013174,2518.0392229563126,review,1.0039275215288286,1652.1821664501365,1131.126910690629,9,0,0.9294786879987067,2886.934312518385,72.23842031906861,4552.094051033351,51.52416740864692,1.5762369479357878,0.04175371821743301
brms,sw_zi_poisson,ok,,3.3725122500018188,1.4440816041011082,met,0.03358410450073279,0.030278207999799633,0.03711141699932341,0.03358410450073279,18231.98927387747,clear,1.0041493043406329,2453.2569862149167,1677.8220998828936,0,0,0.9792821646171905,0.04849818749971746,0.041731540999535355,0.23860941699967952,3.421010437501536,7621.473380517925,clear,1.0014131999194422,2875.8664389248374,1849.9255362874867,0,0,0.9580167537992427,1123.8358873298757,22.061523410486416,2336.73160446838,41.64493342056653,2.071425531445519,0.035207600328296174
